case_id,slice_id,unet_mean_dice,unet_mean_iou,transunet_mean_dice,transunet_mean_iou,dice_gap,iou_gap
img0002,img0002_slice0006,0.0,0.0,0.0,0.0,0.0,0.0
img0002,img0002_slice0008,0.0,0.0,0.0,0.0,0.0,0.0
img0002,img0002_slice0028,0.0,0.0,0.0,0.0,0.0,0.0
img0002,img0002_slice0043,0.0,0.0,0.0,0.0,0.0,0.0
img0002,img0002_slice0047,0.0,0.0,0.0,0.0,0.0,0.0
img0002,img0002_slice0061,0.0,0.0,0.0,0.0,0.0,0.0
img0002,img0002_slice0064,0.4411027568811753,0.3946188340630215,0.0,0.0,-0.4411027568811753,-0.3946188340630215
img0002,img0002_slice0065,0.3172995780510388,0.3027375201141994,0.0,0.0,-0.3172995780510388,-0.3027375201141994
img0002,img0002_slice0066,0.3047619047522297,0.2191780821817726,0.0,0.0,-0.3047619047522297,-0.2191780821817726
img0002,img0002_slice0067,0.4019332626930567,0.2654238141020436,0.3214285714158163,0.2368421052493074,-0.08050469127724036,-0.02858170885273617
img0002,img0002_slice0068,0.5043122511893731,0.3432969215256245,0.2762762762679797,0.1908713692866858,-0.22803597492139338,-0.15242555223893872
img0002,img0002_slice0069,0.9269519901381942,0.8660416666016415,0.3046357615793167,0.2190476190371882,-0.6223162285588775,-0.6469940475644533
img0002,img0002_slice0070,0.624542897301444,0.5878765247238881,0.257961783431275,0.1738197424818103,-0.36658111387016895,-0.41405678224207776
img0002,img0002_slice0071,0.9556844038330292,0.9156902186874336,0.2624309392192698,0.1779026217161834,-0.6932534646137594,-0.7377875969712502
img0002,img0002_slice0072,0.6251649861644832,0.5902526203509458,0.2424242424181206,0.1599999999946666,-0.38274074374636263,-0.4302526203562792
img0002,img0002_slice0073,0.3740088304043047,0.2947177442585736,0.1198067632815514,0.0730270906923547,-0.2542020671227533,-0.22169065356621892
img0002,img0002_slice0074,0.5097358999492544,0.4149143457065086,0.1860704095880296,0.1165293040245235,-0.32366549036122483,-0.2983850416819851
img0002,img0002_slice0075,0.8439106282832847,0.7370975990540399,0.1137017846833629,0.0727306547595693,-0.7302088435999218,-0.6643669442944706
img0002,img0002_slice0076,0.8031059916817239,0.6882972180189104,0.2333257325198158,0.1531177156110565,-0.5697802591619081,-0.535179502407854
img0002,img0002_slice0077,0.5340612796509803,0.484077099018371,0.1273484848448359,0.0794557070247687,-0.40671279480614436,-0.40462139199360225
img0002,img0002_slice0078,0.7915952877215089,0.7296990084777053,0.2150118670799708,0.1534618263384815,-0.5765834206415381,-0.5762371821392238
img0002,img0002_slice0079,0.8732812053697191,0.7944980852731294,0.2568996415677377,0.1893048128241013,-0.6163815638019814,-0.6051932724490281
img0002,img0002_slice0080,0.6970747622576551,0.63686813026904,0.5212067350905216,0.4367624290783609,-0.17586802716713346,-0.2001057011906791
img0002,img0002_slice0081,0.5811891594336847,0.5180515490277163,0.4950793667113541,0.4383657175430615,-0.08610979272233055,-0.07968583148465486
img0002,img0002_slice0082,0.5826583272313647,0.5015653516473374,0.4778714745234266,0.4220233170073675,-0.10478685270793808,-0.0795420346399699
img0002,img0002_slice0083,0.6031632459966207,0.5335867730103333,0.4877024389770767,0.4412253295170955,-0.11546080701954403,-0.09236144349323783
img0002,img0002_slice0084,0.6373986067208322,0.577290010839139,0.4808146584538376,0.4351366545343849,-0.15658394826699457,-0.14215335630475412
img0002,img0002_slice0085,0.6240774549095348,0.5605313149189435,0.6593250630927976,0.6157115147024681,0.03524760818326278,0.05518019978352462
img0002,img0002_slice0086,0.6018126937536203,0.5396008994422961,0.7489096308112794,0.6936377183945409,0.14709693705765903,0.15403681895224486
img0002,img0002_slice0087,0.7564817333789065,0.6702490441530417,0.7638727052129466,0.7006476849865403,0.007390971834040139,0.030398640833498636
img0002,img0002_slice0088,0.7241751970469514,0.6715553073014535,0.7737550615678073,0.7117033645618219,0.04957986452085583,0.04014805726036841
img0002,img0002_slice0089,0.6867650072103466,0.6048464119889514,0.8222512633489062,0.7457360327750462,0.13548625613855958,0.1408896207860948
img0002,img0002_slice0090,0.7970994972359463,0.729709095244975,0.8688800468481829,0.7822030907034829,0.07178054961223657,0.05249399545850797
img0002,img0002_slice0091,0.8073923413140037,0.7260891124839411,0.9009790748760024,0.8339570396260917,0.09358673356199865,0.10786792714215054
img0002,img0002_slice0092,0.830060781980841,0.7388426031297872,0.8690219914573126,0.7891226156122956,0.03896120947647164,0.05028001248250835
img0002,img0002_slice0093,0.8169235006484776,0.7466278536213522,0.8779461162827312,0.8009737161217289,0.061022615634253596,0.05434586250037665
img0002,img0002_slice0094,0.7908325396710503,0.7186300973423367,0.8121292475973331,0.7198722099296866,0.0212967079262828,0.0012421125873498529
img0002,img0002_slice0095,0.7517628519722763,0.6704131554092577,0.7182137642768993,0.6339910694905317,-0.03354908769537701,-0.03642208591872598
img0002,img0002_slice0096,0.7645717827414442,0.6780452988090089,0.6429730985465707,0.5742870839187828,-0.12159868419487352,-0.10375821489022607
img0002,img0002_slice0097,0.6639281942173262,0.5774548411221251,0.6423507851979113,0.574409316913555,-0.02157740901941485,-0.0030455242085700718
img0002,img0002_slice0098,0.6350056587077966,0.5510961346647011,0.636389298547212,0.5567662401831757,0.0013836398394154736,0.0056701055184745774
img0002,img0002_slice0099,0.7613581530997333,0.6687584633903368,0.6500404669872861,0.567553736678622,-0.11131768611244719,-0.10120472671171488
img0002,img0002_slice0100,0.8272149566258196,0.7204211727548038,0.7036325444141421,0.6040322539206702,-0.12358241221167743,-0.1163889188341336
img0002,img0002_slice0101,0.7377033574311856,0.6324948020180342,0.6613670281470078,0.575705379867258,-0.07633632928417788,-0.0567894221507762
img0002,img0002_slice0102,0.5719461357195254,0.4772653143765415,0.6138490370830275,0.5198704173497517,0.041902901363502165,0.042605102973210185
img0002,img0002_slice0103,0.5771895075915369,0.488018317913025,0.6003931993976284,0.5340245628735114,0.023203691806091498,0.04600624496048639
img0002,img0002_slice0104,0.5243390969341849,0.4454913229621489,0.6563231125478615,0.5760790408065074,0.13198401561367656,0.13058771784435852
img0002,img0002_slice0105,0.5088882697972378,0.4433960313847436,0.6179653344571266,0.5511142578387392,0.10907706465988887,0.10771822645399565
img0002,img0002_slice0106,0.5074408573299958,0.4456650750729328,0.6547914186152362,0.5869028820014153,0.14735056128524038,0.14123780692848248
img0002,img0002_slice0107,0.4496231336804153,0.3916165590435164,0.6230082983395131,0.5580144069810345,0.1733851646590978,0.16639784793751816
img0002,img0002_slice0108,0.4273498731337561,0.37708915025899,0.6434305542240374,0.581075309853786,0.21608068109028128,0.203986159594796
img0002,img0002_slice0109,0.4380772071062226,0.3738788782907872,0.6751767823001606,0.5951666124215975,0.23709957519393804,0.22128773413081032
img0002,img0002_slice0110,0.6527118894605856,0.5739905936802776,0.684741628380702,0.612115358720879,0.0320297389201164,0.03812476504060136
img0002,img0002_slice0111,0.6898518154203843,0.5805888057310585,0.5932924349764825,0.4983476225096965,-0.09655938044390178,-0.08224118322136204
img0002,img0002_slice0112,0.6089885260613007,0.5155248216452049,0.5836404315593118,0.4989968371492832,-0.025348094501988938,-0.016527984495921633
img0002,img0002_slice0113,0.6600931792868978,0.5883972460980215,0.5786870688970848,0.5182071629644196,-0.08140611038981305,-0.07019008313360187
img0002,img0002_slice0114,0.7292421772562029,0.6364292980638796,0.7045718505866443,0.6175524955521663,-0.024670326669558595,-0.01887680251171331
img0002,img0002_slice0115,0.5317466849520273,0.48130480371413,0.6033706374016005,0.521851845685105,0.0716239524495732,0.04054704197097503
img0002,img0002_slice0116,0.714604304949766,0.6404686412763615,0.5879599753301767,0.5170513205108513,-0.12664432961958927,-0.12341732076551015
img0002,img0002_slice0117,0.8682903534206923,0.7856704629909498,0.82399051497032,0.745353998257579,-0.04429983845037222,-0.040316464733370805
img0002,img0002_slice0118,0.8870634818736928,0.8112909725624465,0.7787240440967399,0.7228112441943984,-0.10833943777695287,-0.08847972836804818
img0002,img0002_slice0119,0.6600249127326471,0.6001270813874322,0.7080753553330249,0.6301235567407285,0.04805044260037783,0.029996475353296304
img0002,img0002_slice0120,0.7443332195438649,0.6827960782180332,0.6112063642491757,0.5532063460935741,-0.13312685529468915,-0.12958973212445912
img0002,img0002_slice0121,0.7104302932890758,0.6350031526249756,0.5980979786522828,0.5371480249694106,-0.11233231463679305,-0.09785512765556503
img0002,img0002_slice0122,0.8192128278657046,0.7315775660825171,0.7704373305039328,0.6761087791029112,-0.04877549736177178,-0.05546878697960589
img0002,img0002_slice0123,0.8778021256539988,0.801997309756759,0.8415889647268467,0.7482002717431752,-0.0362131609271521,-0.05379703801358382
img0002,img0002_slice0124,0.8361741759911779,0.7409703322276814,0.7953325357657421,0.6838773294089763,-0.040841640225435794,-0.05709300281870511
img0002,img0002_slice0125,0.6251106102861813,0.5695910699888435,0.5693909864138066,0.5017636712927402,-0.055719623872374724,-0.06782739869610321
img0002,img0002_slice0126,0.9390978403561986,0.8862857966029097,0.8606008700112714,0.7632921372617318,-0.0784969703449272,-0.1229936593411779
img0002,img0002_slice0127,0.933741246131008,0.8773986608907055,0.8907556232703941,0.8081712798720337,-0.042985622860613804,-0.06922738101867176
img0002,img0002_slice0128,0.8847012373376162,0.7993269039718814,0.92419214390895,0.8598203823587053,0.039490906571333806,0.06049347838682384
img0002,img0002_slice0129,0.7057987533624928,0.6425776838110326,0.8637246408467185,0.7653317877236163,0.15792588748422576,0.12275410391258368
img0002,img0002_slice0130,0.6422376122963135,0.5480264071002057,0.8186443953418141,0.7062690719930835,0.17640678304550061,0.15824266489287786
img0002,img0002_slice0131,0.7907360803140145,0.6669771539956353,0.7888204120888442,0.6779609596956018,-0.0019156682251703083,0.010983805699966487
img0002,img0002_slice0132,0.8846924026047475,0.8019519518957511,0.8905623430987445,0.8084962763083124,0.005869940493997028,0.006544324412561364
img0002,img0002_slice0133,0.8759551410177323,0.7831802434381556,0.8933465279582431,0.8075517664980624,0.01739138694051079,0.024371523059906752
img0002,img0002_slice0134,0.8910987398974494,0.8050281293332852,0.8444534631604864,0.7433796171166301,-0.04664527673696295,-0.061648512216655016
img0002,img0002_slice0135,0.9018133789862856,0.8213994191720948,0.7179272320671072,0.6222589835063705,-0.18388614691917837,-0.19914043566572426
img0002,img0002_slice0136,0.6622863820063275,0.5953523392057638,0.7259335678461046,0.5945997721365731,0.06364718583977713,-0.0007525670691906905
img0002,img0002_slice0137,0.617158419587785,0.5244019287450462,0.6878110959035434,0.5512297549845719,0.07065267631575844,0.02682782623952573
img0002,img0002_slice0138,0.5818593584529042,0.4754571913115809,0.5617424539592223,0.4864632237409216,-0.020116904493681864,0.011006032429340729
img0008,img0008_slice0005,0.0,0.0,0.0,0.0,0.0,0.0
img0008,img0008_slice0010,0.0,0.0,0.0,0.0,0.0,0.0
img0008,img0008_slice0015,0.0,0.0,0.0,0.0,0.0,0.0
img0008,img0008_slice0033,0.0,0.0,0.0,0.0,0.0,0.0
img0008,img0008_slice0037,0.0,0.0,0.0,0.0,0.0,0.0
img0008,img0008_slice0048,0.0,0.0,0.0,0.0,0.0,0.0
img0008,img0008_slice0058,0.0,0.0,0.0,0.0,0.0,0.0
img0008,img0008_slice0068,0.0,0.0,0.0,0.0,0.0,0.0
img0008,img0008_slice0076,0.0,0.0,0.2775119617092099,0.1920529801197315,0.2775119617092099,0.1920529801197315
img0008,img0008_slice0077,0.0,0.0,0.2753623188272772,0.1899999999873333,0.2753623188272772,0.1899999999873333
img0008,img0008_slice0078,0.0,0.0,0.3117647058640138,0.2264957264763679,0.3117647058640138,0.2264957264763679
img0008,img0008_slice0079,0.0,0.0,0.2487562188930967,0.1655629138963203,0.2487562188930967,0.1655629138963203
img0008,img0008_slice0080,0.2179487179277613,0.1619047618816326,0.3209876542912666,0.3095238094685374,0.10303893636350528,0.1476190475869048
img0008,img0008_slice0081,0.2711323763825614,0.228494623637487,0.5452210789118653,0.4692674848376361,0.27408870252930395,0.2407728612001491
img0008,img0008_slice0082,0.2871189773759945,0.252158894632876,0.7460783630795461,0.6293789227208456,0.4589593857035516,0.3772200280879696
img0008,img0008_slice0083,0.2111436950084708,0.1545064377616091,0.7836829224789351,0.648141186246744,0.5725392274704644,0.4936347484851349
img0008,img0008_slice0084,0.150240384611773,0.1073883161475124,0.5867044428885178,0.4844041229004681,0.4364640582767447,0.37701580675295565
img0008,img0008_slice0085,0.1075555555531654,0.0735562310008037,0.4613371887450603,0.3682365526144199,0.35378163319189493,0.2946803216136162
img0008,img0008_slice0086,0.2355125522916505,0.1670826218215896,0.4497251456560382,0.3778790975140135,0.21421259336438772,0.2107964756924239
img0008,img0008_slice0087,0.4383060805863166,0.3454301404548124,0.4585435387473165,0.3774338242865311,0.02023745816099992,0.0320036838317187
img0008,img0008_slice0088,0.4073457958450074,0.3187134643346123,0.4499207638886583,0.3812017376600887,0.04257496804365091,0.06248827332547641
img0008,img0008_slice0089,0.5030184484540721,0.4374023729576885,0.4673993170015036,0.4136393612997824,-0.03561913145256845,-0.02376301165790612
img0008,img0008_slice0090,0.4604720268356613,0.3976063201447792,0.4703984021774583,0.4215735221093045,0.009926375341797022,0.023967201964525287
img0008,img0008_slice0091,0.4953401978524808,0.432208101349887,0.4234300744629927,0.3618663189842911,-0.0719101233894881,-0.0703417823655959
img0008,img0008_slice0092,0.4298616559172739,0.3826516773554031,0.3466145026328703,0.3100446659639772,-0.08324715328440357,-0.07260701139142595
img0008,img0008_slice0093,0.4359150554422249,0.3889179657593318,0.3316023126601301,0.2855237069117066,-0.10431274278209479,-0.10339425884762521
img0008,img0008_slice0094,0.4174733276685945,0.3643970694675504,0.3955466611436437,0.3197914421397264,-0.021926666524950844,-0.04460562732782403
img0008,img0008_slice0095,0.310733042746614,0.2733108921296923,0.2058173976755558,0.1689341157849905,-0.10491564507105822,-0.10437677634470177
img0008,img0008_slice0096,0.304656538893513,0.2618894636820983,0.1932008314664358,0.1643932712750233,-0.11145570742707722,-0.09749619240707502
img0008,img0008_slice0097,0.3562827149252366,0.3095479250461188,0.2580348189068453,0.2096297332439655,-0.09824789601839129,-0.09991819180215328
img0008,img0008_slice0098,0.3153525363796206,0.2616733650153356,0.3181170008790846,0.2794377931055516,0.0027644644994640477,0.017764428090216
img0008,img0008_slice0099,0.2564441731575176,0.2083503132783392,0.2752122998965338,0.2423337312939057,0.018768126739016178,0.03398341801556651
img0008,img0008_slice0100,0.2474039853605891,0.1996848558120302,0.2827227881101936,0.2490293001988976,0.03531880274960447,0.049344444386867414
img0008,img0008_slice0101,0.2260491468253531,0.1781313814979636,0.3173710742695388,0.2807219722220348,0.09132192744418571,0.10259059072407123
img0008,img0008_slice0102,0.3518630423471242,0.3053474273940703,0.3550988101313118,0.3017163976246496,0.0032357677841876042,-0.0036310297694207017
img0008,img0008_slice0103,0.3404931009152399,0.3009570133716246,0.363334375530508,0.3123081085890125,0.022841274615268137,0.011351095217387863
img0008,img0008_slice0104,0.4128275998100061,0.3600619334637653,0.3389555017979347,0.2901913133022968,-0.0738720980120714,-0.0698706201614685
img0008,img0008_slice0105,0.3894134023821702,0.3295160059366032,0.3283794519259671,0.2848861387509811,-0.06103395045620308,-0.04462986718562206
img0008,img0008_slice0106,0.3011273990001177,0.257587919488256,0.2945746123316357,0.2511475142466556,-0.006552786668482025,-0.006440405241600389
img0008,img0008_slice0107,0.2658016793700912,0.2287129510489316,0.2296572866899363,0.1952247774235738,-0.0361443926801549,-0.0334881736253578
img0008,img0008_slice0108,0.3363065985302235,0.2703310477609338,0.3799277315384056,0.3010018715270213,0.0436211330081821,0.030670823766087485
img0008,img0008_slice0109,0.3433702590861248,0.2783625764897723,0.3512470578947852,0.2850323333722247,0.007876798808660435,0.006669756882452416
img0008,img0008_slice0110,0.3274561669779071,0.2692849603185333,0.329901283865893,0.266430974561421,0.002445116887985932,-0.002853985757112265
img0008,img0008_slice0111,0.3450554973312506,0.2977968888382535,0.3525477447444278,0.2958869375694576,0.007492247413177167,-0.0019099512687958953
img0008,img0008_slice0112,0.3407666674032201,0.2833299297109775,0.3192141569135636,0.2629203091864461,-0.021552510489656507,-0.02040962052453138
img0008,img0008_slice0113,0.3562320148503238,0.2924827081464642,0.3129854438976782,0.2600445934756207,-0.04324657095264561,-0.03243811467084351
img0008,img0008_slice0114,0.4581851418654037,0.3888578690556357,0.2769423889154347,0.2375912890584285,-0.181242752949969,-0.1512665799972072
img0008,img0008_slice0115,0.4504955574109291,0.3808989616701985,0.27419911444575,0.2386860147926696,-0.1762964429651791,-0.1422129468775289
img0008,img0008_slice0116,0.3824447748771375,0.3176275085300262,0.2754777478144438,0.2419091245998207,-0.10696702706269373,-0.0757183839302055
img0008,img0008_slice0117,0.3826591736421417,0.3278619240335348,0.294732887657644,0.2580862558710221,-0.0879262859844977,-0.06977566816251274
img0008,img0008_slice0118,0.2880901127118472,0.2568616598763729,0.298795801168808,0.2748244680292789,0.010705688456960794,0.017962808152906018
img0008,img0008_slice0119,0.3228347613276077,0.2899521053981725,0.2752828195719122,0.2549999302253049,-0.04755194175569549,-0.03495217517286758
img0008,img0008_slice0120,0.4727235135313319,0.4226347708024855,0.2955697978279353,0.2705815295368157,-0.1771537157033966,-0.15205324126566983
img0008,img0008_slice0121,0.5223620567877274,0.4798686218776344,0.3157169480144082,0.3005594526028942,-0.2066451087733192,-0.17930916927474022
img0008,img0008_slice0122,0.600687996780364,0.5549397508542959,0.4114056285256812,0.3956076210716608,-0.1892823682546828,-0.1593321297826351
img0008,img0008_slice0123,0.6329244019216621,0.5814849624778927,0.4100525400104477,0.3933676375038292,-0.2228718619112144,-0.18811732497406353
img0008,img0008_slice0124,0.6431009207417598,0.5947325507278334,0.4065611767285623,0.3871052678161096,-0.23653974401319755,-0.20762728291172378
img0008,img0008_slice0125,0.6718107454779856,0.6354951345593083,0.410294444666455,0.3936647539806945,-0.2615163008115306,-0.24183038057861378
img0008,img0008_slice0126,0.5339178529754922,0.5013038545436936,0.4685479879949628,0.4412205061877991,-0.06536986498052944,-0.06008334835589452
img0008,img0008_slice0127,0.5734198651668091,0.5049701026434686,0.4887120548793099,0.4287337933221549,-0.08470781028749919,-0.07623630932131376
img0008,img0008_slice0128,0.6478698316721244,0.5406861718124654,0.5411858624040508,0.4536361758889723,-0.10668396926807366,-0.08704999592349305
img0008,img0008_slice0129,0.6432781684757788,0.5484718900582429,0.5757189760629162,0.511532662109977,-0.06755919241286257,-0.036939227948265874
img0008,img0008_slice0130,0.6107898627854825,0.5094899917778317,0.5001452744457484,0.4110671281976519,-0.11064458833973412,-0.09842286358017982
img0008,img0008_slice0131,0.5499422499674929,0.4854826290683646,0.5043817662566158,0.4414154334161561,-0.045560483710877064,-0.04406719565220851
img0008,img0008_slice0132,0.5543717049511023,0.4735956278150166,0.5385877221197652,0.4891570890138872,-0.015783982831337084,0.01556146119887064
img0008,img0008_slice0133,0.3184057664836386,0.2933750531704626,0.4648460976349421,0.4026698267413677,0.1464403311513035,0.10929477357090511
img0008,img0008_slice0134,0.5554897575828895,0.5175276644698872,0.4336325439163677,0.3828895882795528,-0.12185721366652186,-0.1346380761903344
img0008,img0008_slice0135,0.7131670338112854,0.6802806755806703,0.4181019719038759,0.3728256880613615,-0.29506506190740955,-0.3074549875193088
img0008,img0008_slice0136,0.6920706288135033,0.6468704586762442,0.3543411473891891,0.3039318530343901,-0.33772948142431425,-0.3429386056418541
img0008,img0008_slice0137,0.6493642578563618,0.5758023301879223,0.3422118171568124,0.2854913947227527,-0.30715244069954933,-0.29031093546516956
img0008,img0008_slice0138,0.5541624098127509,0.4793388429470893,0.2604166666463216,0.2136752136478194,-0.29374574316642926,-0.2656636292992699
img0008,img0008_slice0139,0.5904729396356835,0.496351224074216,0.2242424242220385,0.1689497716663539,-0.366230515413645,-0.3274014524078621
img0008,img0008_slice0140,0.5785716741850441,0.5176842429501117,0.2786069651533377,0.2393162392855577,-0.29996470903170636,-0.27836800366455405
img0008,img0008_slice0141,0.5984458734984188,0.5451572993540825,0.2753623188206259,0.2345679012056089,-0.32308355467779293,-0.31058939814847364
img0008,img0008_slice0142,0.2583333333171875,0.2108843537199778,0.3985507246088006,0.3313253011649006,0.1402173912916131,0.12044094744492281
img0008,img0008_slice0143,0.4953022266975222,0.3946918238647745,0.3947368420792936,0.3260869564862949,-0.10056538461822861,-0.06860486737847965
img0008,img0008_slice0144,0.578982316318062,0.5116824980415463,0.3840579709866624,0.3117647058456748,-0.19492434533139957,-0.19991779219587152
img0008,img0008_slice0145,0.5505503144349042,0.4720244731796505,0.447790948244479,0.3527892561591539,-0.1027593661904252,-0.11923521702049661
img0008,img0008_slice0146,0.8785140561747858,0.7862473346763925,0.7543528844906229,0.6181467583291524,-0.12416117168416296,-0.16810057634724007
img0008,img0008_slice0147,0.7834640106900248,0.664170451188544,0.68031914888867,0.5631300402665137,-0.10314486180135485,-0.10104041092203031
img0025,img0025_slice0010,0.0,0.0,0.0,0.0,0.0,0.0
img0025,img0025_slice0015,0.0,0.0,0.0,0.0,0.0,0.0
img0025,img0025_slice0024,0.0,0.0,0.0,0.0,0.0,0.0
img0025,img0025_slice0029,0.0,0.0,0.0,0.0,0.0,0.0
img0025,img0025_slice0036,0.0,0.0,0.9221183800335788,0.8554913294303184,0.9221183800335788,0.8554913294303184
img0025,img0025_slice0037,0.0,0.0,0.4813432835761027,0.4640287769672894,0.4813432835761027,0.4640287769672894
img0025,img0025_slice0038,0.0,0.0,0.2535310734436419,0.2045584045549078,0.2535310734436419,0.2045584045549078
img0025,img0025_slice0039,0.0,0.0,0.0844074844066069,0.0534914360994269,0.0844074844066069,0.0534914360994269
img0025,img0025_slice0040,0.2680585346838252,0.2144614992235015,0.8752786967571621,0.7853999520210194,0.6072201620733368,0.5709384527975179
img0025,img0025_slice0041,0.212602879115673,0.1407112898210013,0.71655751187699,0.6559261167924438,0.503954632761317,0.5152148269714425
img0025,img0025_slice0042,0.1767930418897542,0.1271775028434995,0.6016310258135946,0.5057410370689199,0.4248379839238404,0.37856353422542044
img0025,img0025_slice0043,0.4284367604168533,0.3663137179304905,0.7291535565105245,0.6217225634649332,0.3007167960936712,0.25540884553444265
img0025,img0025_slice0044,0.3803903071035852,0.2879972115753093,0.4204120207659047,0.3628130571138658,0.04002171366231955,0.07481584553855652
img0025,img0025_slice0045,0.420662460553507,0.3340557987213106,0.5533416424571468,0.4560309814326633,0.1326791819036398,0.12197518271135271
img0025,img0025_slice0046,0.3379370256852311,0.2661435062876856,0.5268870263574171,0.4259882058190233,0.18895000067218604,0.15984469953133768
img0025,img0025_slice0047,0.4120930569029262,0.3210853466698083,0.5020403066547119,0.410753785599464,0.0899472497517857,0.0896684389296557
img0025,img0025_slice0048,0.4169384302938178,0.3361035456837934,0.4656451341235913,0.3802898550422185,0.048706703829773546,0.0441863093584251
img0025,img0025_slice0049,0.5151490939133516,0.433816759217598,0.5743826722777123,0.4723800878618069,0.05923357836436072,0.038563328644208916
img0025,img0025_slice0050,0.4555056187403361,0.3965131412260804,0.5747086593742801,0.4664280907567776,0.11920304063394394,0.06991494953069721
img0025,img0025_slice0051,0.5659884286617638,0.4787469291340494,0.5601832676037719,0.464649678070087,-0.005805161057991892,-0.014097251063962424
img0025,img0025_slice0052,0.5267595788463413,0.4266666063423355,0.5930516077609789,0.5229654417563501,0.06629202891463759,0.09629883541401457
img0025,img0025_slice0053,0.4700095614074892,0.3884426850334542,0.5506324797460026,0.4861594092466868,0.08062291833851343,0.09771672421323263
img0025,img0025_slice0054,0.4765504448409886,0.3888846929420234,0.7425209553009948,0.6693559604249643,0.26597051046000625,0.2804712674829409
img0025,img0025_slice0055,0.5837399301361014,0.4795814761170745,0.681858048643751,0.6152753742628505,0.09811811850764962,0.13569389814577598
img0025,img0025_slice0056,0.5167630821603915,0.4358744184572444,0.6682482891526746,0.5982335658821059,0.15148520699228318,0.16235914742486146
img0025,img0025_slice0057,0.5404593187717415,0.4466984315503111,0.60206527602756,0.5228606135210918,0.06160595725581852,0.07616218197078073
img0025,img0025_slice0058,0.4446072631683719,0.3720030835535065,0.4781507305639452,0.4096784913089247,0.03354346739557329,0.03767540775541822
img0025,img0025_slice0059,0.39437229729871,0.3400496171713826,0.4048579301361776,0.3332765080614063,0.010485632837467618,-0.006773109109976305
img0025,img0025_slice0060,0.5439102545980233,0.4552136866132977,0.4502656190561673,0.3680815722926727,-0.09364463554185604,-0.08713211432062501
img0025,img0025_slice0061,0.5153607005743871,0.4374838280261852,0.3776840374900201,0.3184385288694368,-0.137676663084367,-0.11904529915674839
img0025,img0025_slice0062,0.4295710196041,0.3406060066439274,0.3934638141655355,0.3385735530129447,-0.036107205438564494,-0.0020324536309827
img0025,img0025_slice0063,0.4736751848916428,0.3943211743581449,0.4648587014563717,0.384159518591295,-0.008816483435271083,-0.010161655766849909
img0025,img0025_slice0064,0.4101985929998269,0.3374955807259492,0.4977658907967385,0.4380168086143995,0.08756729779691158,0.1005212278884503
img0025,img0025_slice0065,0.3220616165638486,0.2637650812939781,0.5908174421834146,0.5339158139233261,0.268755825619566,0.270150732629348
img0025,img0025_slice0066,0.3181607566756715,0.2675592111203097,0.4196498059604128,0.3647795102696793,0.10148904928474128,0.09722029914936958
img0025,img0025_slice0067,0.5538625462952939,0.4594484314825613,0.5293512795713085,0.4572040231703038,-0.024511266723985403,-0.0022444083122575287
img0025,img0025_slice0068,0.4630544394154859,0.3806413691647749,0.660608422742413,0.5825403382093681,0.19755398332692714,0.2018989690445932
img0025,img0025_slice0069,0.6407054498758832,0.5377794950207839,0.727400312914165,0.6576576205326449,0.08669486303828178,0.11987812551186094
img0025,img0025_slice0070,0.5325438927422406,0.4421285712630778,0.7107922426954193,0.6432086512719409,0.17824834995317873,0.20108008000886313
img0025,img0025_slice0071,0.781612373442487,0.6612528300011986,0.8269931750390219,0.7353871067270722,0.0453808015965349,0.07413427672587358
img0025,img0025_slice0072,0.7935914451005049,0.6982527851594518,0.846066262106036,0.7551283556373544,0.05247481700553103,0.05687557047790259
img0025,img0025_slice0073,0.7091079798306211,0.6462302979021322,0.7361225619564101,0.6833286410392504,0.027014582125789,0.03709834313711824
img0025,img0025_slice0074,0.94153059026625,0.8902168753875875,0.9362512493807696,0.8814798550349807,-0.005279340885480321,-0.008737020352606817
img0025,img0025_slice0075,0.8937889184741132,0.8168546335433664,0.8935394565542791,0.8143610139657793,-0.00024946191983410415,-0.0024936195775870917
img0025,img0025_slice0076,0.8832955567190415,0.7992501488432304,0.9033093465589604,0.8262285782987966,0.020013789839918972,0.026978429455566166
img0025,img0025_slice0077,0.685841464395984,0.6325809245009186,0.8750445441367445,0.7795789920812448,0.18920307974076045,0.14699806758032619
img0025,img0025_slice0078,0.2947567579699273,0.2591341463250537,0.699528769799326,0.5927824501107614,0.4047720118293987,0.33364830378570765
img0025,img0025_slice0079,0.2386706948568377,0.2283236994087674,0.6908813375159891,0.555039011167266,0.45221064265915145,0.32671531175849855
img0025,img0025_slice0080,0.4693251533598366,0.442196531766347,0.725274725232158,0.5993939393447434,0.25594957187232137,0.1571974075783964
img0025,img0025_slice0081,0.6517993402802102,0.556022727225385,0.7720049658122724,0.6532675914507076,0.12020562553206215,0.09724486422532252
img0025,img0025_slice0082,0.4728915662508165,0.4485714285457959,0.6723787167023493,0.561763622928994,0.19948715045153276,0.11319219438319805
img0025,img0025_slice0083,0.48656716416458,0.4738372092747769,0.4668508287163853,0.437823834174206,-0.019716335448194733,-0.0360133751005709
img0025,img0025_slice0084,0.4750733137690594,0.4525139664551668,0.4441624365369502,0.3995433789771898,-0.030910877232109224,-0.052970587477977005
img0026,img0026_slice0014,0.0,0.0,0.0,0.0,0.0,0.0
img0026,img0026_slice0017,0.0,0.0,0.0,0.0,0.0,0.0
img0026,img0026_slice0035,0.0,0.0,0.0,0.0,0.0,0.0
img0026,img0026_slice0040,0.0,0.0,0.0,0.0,0.0,0.0
img0026,img0026_slice0044,0.0,0.0,0.0,0.0,0.0,0.0
img0026,img0026_slice0045,0.1673003802217756,0.1437908496638045,0.2769607843035431,0.2368972746182245,0.1096604040817675,0.09310642495441998
img0026,img0026_slice0046,0.4479224280821333,0.4083437606393394,0.6247157098016664,0.5877859722696396,0.17679328171953307,0.17944221163030016
img0026,img0026_slice0047,0.3654366725813504,0.3364222333615854,0.6180486180278962,0.5763888888527199,0.25261194544654586,0.2399666554911345
img0026,img0026_slice0048,0.372119255180953,0.3479379891417159,0.3657019215790842,0.3369536331011863,-0.006417333601868802,-0.010984356040529608
img0026,img0026_slice0049,0.320592115174155,0.303333855453548,0.554168326501818,0.5163279379876963,0.23357621132766304,0.21299408253414825
img0026,img0026_slice0050,0.4016656839763112,0.3571339909317364,0.5625259018167946,0.5032930688222259,0.16086021784048343,0.14615907789048949
img0026,img0026_slice0051,0.3251742195843584,0.28283091579906,0.8649061446219,0.7680282199654196,0.5397319250375416,0.4851973041663596
img0026,img0026_slice0052,0.4554858107703059,0.4180092937264837,0.9061688580460864,0.8361886028554896,0.45068304727578046,0.41817930912900586
img0026,img0026_slice0053,0.553780795966655,0.5122183150648858,0.92331195539149,0.8602045401388949,0.36953115942483505,0.3479862250740091
img0026,img0026_slice0054,0.6834413518330649,0.6083301648500459,0.9229930620537868,0.8608124130408983,0.23955171022072197,0.2524822481908524
img0026,img0026_slice0055,0.4804026965585131,0.4083253838687729,0.7194265431170259,0.6351519165490718,0.23902384655851283,0.2268265326802989
img0026,img0026_slice0056,0.4463199915803099,0.3487363314662479,0.7072383478443302,0.6205812309027281,0.26091835626402027,0.2718448994364802
img0026,img0026_slice0057,0.6073116360592876,0.4742371804995857,0.6927809193988703,0.5982230063069025,0.0854692833395827,0.12398582580731682
img0026,img0026_slice0058,0.5030749539028279,0.4112800827708934,0.611753587515344,0.5537499755786764,0.10867863361251617,0.14246989280778305
img0026,img0026_slice0059,0.5103136696745992,0.4089535629844806,0.4411170915955019,0.37099232496218,-0.06919657807909735,-0.037961238022300614
img0026,img0026_slice0060,0.569032632359665,0.4853736837209469,0.4158799225416742,0.346292213411035,-0.15315270981799073,-0.13908147030991191
img0026,img0026_slice0061,0.5923749746833231,0.5010553661890665,0.4399214075519767,0.3765679168553703,-0.15245356713134645,-0.12448744933369627
img0026,img0026_slice0062,0.3385051919535401,0.2746908554655015,0.4389108503839312,0.3555913719088304,0.10040565843039106,0.08090051644332891
img0026,img0026_slice0063,0.5473010905615657,0.455777993586836,0.6322336558073631,0.5401649592696824,0.0849325652457974,0.08438696568284643
img0026,img0026_slice0064,0.6698905948925962,0.5779444836941178,0.5535992219353655,0.4719776277330378,-0.11629137295723069,-0.10596685596107996
img0026,img0026_slice0065,0.7107872520784508,0.6170459066130776,0.6767361548845545,0.5770582924700961,-0.03405109719389632,-0.039987614142981465
img0026,img0026_slice0066,0.668685328101093,0.5700497034348666,0.6948487461181106,0.5837982051031024,0.026163418017017603,0.013748501668235824
img0026,img0026_slice0067,0.7631559752160656,0.6466169285514716,0.705647209830919,0.6206480349064555,-0.0575087653851466,-0.02596889364501609
img0026,img0026_slice0068,0.6275559515266058,0.5090397792193161,0.6687104007741035,0.5825491554020452,0.04115444924749767,0.07350937618272912
img0026,img0026_slice0069,0.6611795466154248,0.5756182388876597,0.6340412156617444,0.5628053178508629,-0.027138330953680345,-0.012812921036796876
img0026,img0026_slice0070,0.6607433406494588,0.5883717101854691,0.5762551013773506,0.5195841149434982,-0.08448823927210825,-0.06878759524197087
img0026,img0026_slice0071,0.6517703778583613,0.5802510356483436,0.6225178626685811,0.560657334719617,-0.029252515189780226,-0.019593700928726587
img0026,img0026_slice0072,0.8105613160879289,0.70578898030141,0.5810079296474291,0.5163722314492702,-0.22955338644049983,-0.18941674885213977
img0026,img0026_slice0073,0.7235759951178778,0.6182197050688563,0.4518685221918538,0.3867518236914983,-0.27170747292602404,-0.23146788137735796
img0026,img0026_slice0074,0.5955169475869196,0.5279288420895779,0.4746819530691683,0.4233417957845019,-0.12083499451775132,-0.10458704630507604
img0026,img0026_slice0075,0.6250798298626314,0.5571545845622219,0.5233722353036969,0.4715820022543155,-0.10170759455893452,-0.08557258230790638
img0026,img0026_slice0076,0.7511205929243909,0.6877346581703794,0.7752598500117859,0.7251813970070634,0.02413925708739495,0.037446738836684035
img0026,img0026_slice0077,0.7223175094841181,0.6408490475519487,0.7752488051654545,0.7131006668669313,0.052931295681336366,0.07225161931498258
img0026,img0026_slice0078,0.8026790523254789,0.7032240376153431,0.713277506127717,0.6246491168080003,-0.08940154619776186,-0.07857492080734285
img0026,img0026_slice0079,0.7065374858818222,0.5931684232420611,0.7355107434853565,0.6644268237135503,0.028973257603534308,0.07125840047148924
img0026,img0026_slice0080,0.8463837937883539,0.7476020907282486,0.7197710516535425,0.6412867223008093,-0.12661274213481144,-0.10631536842743927
img0026,img0026_slice0081,0.8957235395586185,0.8274850299760352,0.8833370659368778,0.8013994268003265,-0.012386473621740723,-0.026085603175708738
img0026,img0026_slice0082,0.764416947864932,0.6846012798756306,0.8131631289063335,0.7192873986474616,0.04874618104140149,0.03468611877183103
img0026,img0026_slice0083,0.8262994769937535,0.7137187238271765,0.8657812635184967,0.7712932164434122,0.03948178652474321,0.057574492616235706
img0026,img0026_slice0084,0.864998045144759,0.7758005387317769,0.8728664135629488,0.7886852789833814,0.00786836841818983,0.012884740251604465
img0026,img0026_slice0085,0.7963252674754513,0.6862457764234545,0.8423966484890163,0.7388701006674527,0.046071381013565005,0.05262432424399821
img0026,img0026_slice0086,0.7129599555156854,0.6226397427586327,0.7418889059141704,0.6224393700710997,0.028928950398485087,-0.0002003726875329237
img0026,img0026_slice0087,0.8835794890771993,0.8017500331348679,0.8651879081457753,0.7688820776371138,-0.018391580931424012,-0.03286795549775412
img0026,img0026_slice0088,0.8419186939450526,0.7415441757113509,0.7362027421924376,0.6475211537545129,-0.10571595175261495,-0.09402302195683798
img0026,img0026_slice0089,0.8239442465347272,0.7154902168429818,0.6950038846130262,0.6211610486440969,-0.128940361921701,-0.09432916819888482
img0026,img0026_slice0090,0.8720369765323331,0.7801582992900883,0.5991938494570427,0.5395979791798969,-0.27284312707529046,-0.24056032011019135
img0026,img0026_slice0091,0.8606452301345483,0.7627156125103718,0.6610998795888766,0.5902523616311485,-0.19954535054567168,-0.17246325087922332
img0026,img0026_slice0092,0.7062370773928764,0.6011714954822961,0.5562700421716423,0.4793160095260565,-0.1499670352212341,-0.12185548595623957
img0026,img0026_slice0093,0.5955311869572322,0.4741252078322222,0.5262181157460128,0.435244333004436,-0.06931307121121932,-0.03888087482778618
img0026,img0026_slice0094,0.5483254800446536,0.4723079863317539,0.844185691478814,0.7338243899522996,0.2958602114341603,0.2615164036205457
img0026,img0026_slice0095,0.5496855076702624,0.4691546811864349,0.8094241782384545,0.68070098215317,0.2597386705681921,0.2115463009667351
img0026,img0026_slice0096,0.9064887266554132,0.8324177247481849,0.7791769847201064,0.6607099334620549,-0.1273117419353068,-0.17170779128613
img0026,img0026_slice0097,0.8054418255500037,0.6878083524038041,0.8148348845692497,0.7047684547867601,0.00939305901924603,0.016960102382955977
img0026,img0026_slice0098,0.7612647120004549,0.614651416086603,0.8743435107384434,0.7871780376178866,0.11307879873798854,0.17252662153128362
img0026,img0026_slice0099,0.7285696616143102,0.5732757866548333,0.7740581099605566,0.664480004019364,0.045488448346246324,0.09120421736453077
img0026,img0026_slice0100,0.7873951711403309,0.6495610250958258,0.6590747622520159,0.5236594528972714,-0.12832040888831497,-0.12590157219855436
img0026,img0026_slice0101,0.8291317051092546,0.7221763085191992,0.8109942423177026,0.6824833298924419,-0.01813746279155204,-0.03969297862675736
img0026,img0026_slice0102,0.8271090155791168,0.7234939935129163,0.8591806758528933,0.7540593112455519,0.0320716602737765,0.0305653177326356
img0026,img0026_slice0103,0.6923935504180534,0.5295165843183605,0.8824107104410432,0.7897044701501852,0.19001716002298985,0.26018788583182473
img0026,img0026_slice0104,0.6070369356959211,0.4547511829298574,0.8043831076510293,0.6827519008112921,0.19734617195510817,0.22800071788143472
img0026,img0026_slice0105,0.6382385138048348,0.5168661141920692,0.8337442640681179,0.728255353668374,0.1955057502632831,0.21138923947630484
img0026,img0026_slice0106,0.6513047186437362,0.5055550194480227,0.8214676889102783,0.7079365079010982,0.17016297026654215,0.20238148845307546
img0026,img0026_slice0107,0.4375074232491395,0.3388190153866619,0.8288501104655153,0.72066726373474,0.3913426872163758,0.38184824834807807
img0026,img0026_slice0108,0.6541520509575179,0.5402257887318889,0.801957046607551,0.6892257520812586,0.14780499565003302,0.1489999633493697
img0026,img0026_slice0109,0.6935843888925781,0.5377709003111646,0.7824639833471919,0.6432096641543453,0.0888795944546138,0.10543876384318074
img0026,img0026_slice0110,0.66421393414101,0.5604985793170549,0.7852283427281186,0.6689359637521173,0.12101440858710855,0.10843738443506235
img0026,img0026_slice0111,0.6728454614315484,0.5701573581446743,0.7127690557220867,0.5924618588973258,0.03992359429053827,0.022304500752651557
img0026,img0026_slice0112,0.6319098918532684,0.5356529879767178,0.7407411969271418,0.6167028633823687,0.1088313050738734,0.0810498754056509
img0026,img0026_slice0113,0.752732871421118,0.6400030366476265,0.8126857895609338,0.7087270521770321,0.05995291813981585,0.06872401552940566
img0026,img0026_slice0114,0.833037446814493,0.7138612660257431,0.913677713687562,0.8414313221490015,0.08064026687306902,0.12757005612325845
img0026,img0026_slice0115,0.7835041296226506,0.6441364482393538,0.759111855853047,0.624753783579334,-0.024392273769603623,-0.01938266466001981
img0026,img0026_slice0116,0.7299270072459907,0.5747126436121021,0.4155844155304436,0.2622950819242139,-0.31434259171554707,-0.31241756168788815
img0026,img0026_slice0117,0.3812499999761718,0.3080808080496888,0.7692307691650231,0.6249999999131945,0.38798076918885127,0.31691919186350576
img0026,img0026_slice0118,0.6607142856847895,0.4933333333004444,0.8029197079705898,0.6707317072352766,0.14220542228580024,0.17739837393483227
img0026,img0026_slice0119,0.3963414633904669,0.3282828282496684,0.7538461537881657,0.6049382715302546,0.3575046903976988,0.27665544328058617
img0026,img0026_slice0120,0.7499999999278847,0.5999999999076924,0.0909090908953168,0.047619047611489,-0.6590909090325678,-0.5523809522962033
img0026,img0026_slice0121,0.0,0.0,0.0,0.0,0.0,0.0
img0026,img0026_slice0122,0.0,0.0,0.0,0.0,0.0,0.0
img0026,img0026_slice0123,0.0,0.0,0.0,0.0,0.0,0.0
img0028,img0028_slice0004,0.0,0.0,0.0,0.0,0.0,0.0
img0028,img0028_slice0017,0.0,0.0,0.0,0.0,0.0,0.0
img0028,img0028_slice0020,0.0,0.0,0.0,0.0,0.0,0.0
img0028,img0028_slice0025,0.0,0.0,0.0,0.0,0.0,0.0
img0028,img0028_slice0036,0.0,0.0,0.0,0.0,0.0,0.0
img0028,img0028_slice0037,0.0,0.0,0.364999999990875,0.2874015747918346,0.364999999990875,0.2874015747918346
img0028,img0028_slice0038,0.0,0.0,0.3133903133869652,0.2956989247252211,0.3133903133869652,0.2956989247252211
img0028,img0028_slice0039,0.4239877769257144,0.3680371352736334,0.3206582165866978,0.3089117394990285,-0.10332956033901658,-0.059125395774604905
img0028,img0028_slice0040,0.3991116751243711,0.3321013727525649,0.227117680498993,0.2080729166644992,-0.17199399462537812,-0.1240284560880657
img0028,img0028_slice0041,0.1959007551227881,0.1387106629990341,0.2887517146761553,0.2546884452487475,0.0928509595533672,0.11597778224971342
img0028,img0028_slice0042,0.6409750253401023,0.5643730065012736,0.7806714837946295,0.6875189474757997,0.13969645845452716,0.12314594097452602
img0028,img0028_slice0043,0.7188164575427664,0.6575895438736211,0.6823360362500019,0.6211703745399205,-0.03648042129276441,-0.036419169333700596
img0028,img0028_slice0044,0.3288786789566202,0.3103892052640175,0.6930976899726102,0.6322364467318096,0.36421901101599,0.3218472414677921
img0028,img0028_slice0045,0.4196809662337188,0.3764407793723365,0.6816000715885591,0.6013447911742198,0.26191910535484025,0.2249040118018833
img0028,img0028_slice0046,0.6114915903068445,0.5156288841864958,0.6766781028565749,0.6052920332184486,0.0651865125497304,0.08966314903195283
img0028,img0028_slice0047,0.7125385613545294,0.6335604057918152,0.8476540989910879,0.7493952612677476,0.13511553763655848,0.11583485547593242
img0028,img0028_slice0048,0.7084208096171835,0.6308313960339287,0.905647058719549,0.8301548067392739,0.19722624910236553,0.1993234107053452
img0028,img0028_slice0049,0.6889988382918745,0.6329158753416276,0.9236727515101966,0.8592835145588995,0.2346739132183221,0.22636763921727188
img0028,img0028_slice0050,0.7066734869637548,0.6428783383224976,0.6929098652568473,0.6456817353467876,-0.01376362170690748,0.0028033970242899997
img0028,img0028_slice0051,0.7522058239464791,0.672269673653868,0.7544235034947823,0.6643319538179054,0.0022176795483032086,-0.007937719835962587
img0028,img0028_slice0052,0.6760972806929917,0.6119758213800399,0.7955873065614024,0.7098195853172181,0.11949002586841073,0.0978437639371782
img0028,img0028_slice0053,0.6454736409895004,0.5965552873382818,0.7418286275569892,0.6538835879524838,0.09635498656748875,0.05732830061420202
img0028,img0028_slice0054,0.5730265776582217,0.4991739276079075,0.7777898498308378,0.6650585263472397,0.20476327217261603,0.1658845987393322
img0028,img0028_slice0055,0.6497144279103045,0.5870013856912092,0.8475816991990194,0.7603567919765714,0.19786727128871484,0.17335540628536217
img0028,img0028_slice0056,0.6561557868753849,0.5631895247973766,0.6592493014132776,0.5855968832324401,0.0030935145378927498,0.022407358435063474
img0028,img0028_slice0057,0.6070320093101375,0.5163454017064042,0.656185624603524,0.5787201980203636,0.04915361529338658,0.06237479631395937
img0028,img0028_slice0058,0.5290152318230616,0.4458882969991618,0.6923064587394981,0.609420227212272,0.1632912269164365,0.16353193021311013
img0028,img0028_slice0059,0.6920079538098631,0.584521775303132,0.7827389048981125,0.677756495575422,0.09073095108824936,0.09323472027228996
img0028,img0028_slice0060,0.6815172260042605,0.5778138020744604,0.7305901651582679,0.6332233153785642,0.049072939154007456,0.05540951330410382
img0028,img0028_slice0061,0.5844674105792144,0.5057702425737917,0.7143012721936308,0.6241433790208926,0.12983386161441646,0.1183731364471009
img0028,img0028_slice0062,0.6415709970013884,0.5449091111292244,0.5533401507269822,0.478613069758369,-0.08823084627440625,-0.06629604137085537
img0028,img0028_slice0063,0.7073234907558099,0.6183016045117845,0.5596153100575119,0.4849645935206845,-0.14770818069829805,-0.1333370109911
img0028,img0028_slice0064,0.7331771639099205,0.658234520593926,0.5646651990572841,0.510546789507181,-0.16851196485263642,-0.14768773108674493
img0028,img0028_slice0065,0.6753121653522878,0.5895656660762818,0.5401167828219439,0.4761168062551955,-0.1351953825303439,-0.11344885982108632
img0028,img0028_slice0066,0.6247102790188199,0.5317379089039047,0.4570002886683804,0.3908259205347668,-0.16770999035043954,-0.14091198836913793
img0028,img0028_slice0067,0.4937459778789312,0.4256577409770258,0.5068781857780713,0.4350311645603501,0.013132207899140103,0.009373423583324325
img0028,img0028_slice0068,0.4942889427033653,0.4283459255334407,0.4509731974677524,0.3946971637043123,-0.043315745235612935,-0.033648761829128404
img0028,img0028_slice0069,0.4905604421540467,0.4337478924544624,0.4982278831167869,0.4414411636685915,0.007667440962740191,0.007693271214129105
img0028,img0028_slice0070,0.543443070712934,0.4882805412659137,0.5490481137339598,0.485697801464179,0.005605043021025824,-0.002582739801734679
img0028,img0028_slice0071,0.6092794678758753,0.5554400797230756,0.7126932208320007,0.636780361749967,0.10341375295612543,0.08134028202689136
img0028,img0028_slice0072,0.560618617104589,0.4987389272392525,0.6215406382635733,0.5556135003615179,0.06092202115898426,0.056874573122265404
img0028,img0028_slice0073,0.6678257077427703,0.6083288373182467,0.7680416337311752,0.6994575437353528,0.1002159259884049,0.09112870641710613
img0028,img0028_slice0074,0.6722315031953672,0.6153123357788406,0.6760469817529251,0.6202328598498317,0.0038154785575579275,0.004920524070991084
img0028,img0028_slice0075,0.6624983173974917,0.5987915217982048,0.6582452193213606,0.5924714912367597,-0.004253098076131057,-0.006320030561445145
img0028,img0028_slice0076,0.6850538207460191,0.6344703580658333,0.6742045088002813,0.6160999660010718,-0.010849311945737794,-0.018370392064761543
img0028,img0028_slice0077,0.6841121299955712,0.6325512883367767,0.912198585825423,0.8406762188078251,0.22808645582985176,0.2081249304710484
img0028,img0028_slice0078,0.7709713672989044,0.7024313711456756,0.9035748464765976,0.8327543816421127,0.13260347917769322,0.13032301049643713
img0028,img0028_slice0079,0.8235330377769833,0.7632680888460761,0.7454119985512356,0.6842439110170767,-0.07812103922574765,-0.0790241778289994
img0028,img0028_slice0080,0.93417831845733,0.8786149214145477,0.746342122031046,0.700386482044583,-0.18783619642628402,-0.1782284393699647
img0028,img0028_slice0081,0.917885715701461,0.8556230165090538,0.9133208799385903,0.8499223044710948,-0.0045648357628707,-0.005700712037958966
img0028,img0028_slice0082,0.9312293163206472,0.8728322523850254,0.8893212509728821,0.8072574966771573,-0.041908065347765144,-0.06557475570786808
img0028,img0028_slice0083,0.8807051072019971,0.7930588989621397,0.8380485443819783,0.726546172133127,-0.04265656282001884,-0.06651272682901266
img0028,img0028_slice0084,0.8578015106383573,0.7685479389888905,0.7664509605099568,0.6557552036228659,-0.09135055012840054,-0.11279273536602463
img0028,img0028_slice0085,0.9094060760300152,0.8402093595132921,0.8636757818744529,0.7707207206433995,-0.04573029415556229,-0.06948863886989265
img0028,img0028_slice0086,0.9057142856449945,0.8312841528953037,0.8433103447716139,0.7383913763729595,-0.062403940873380526,-0.09289277652234418
img0028,img0028_slice0087,0.9336687361033766,0.8762556503061809,0.9024026511380092,0.8268063981351652,-0.031266084965367424,-0.0494492521710157
img0028,img0028_slice0088,0.9113468799910294,0.8401215804395052,0.8677906893240395,0.7794397758222371,-0.0435561906669899,-0.06068180461726813
img0074,img0074_slice0012,0.0,0.0,0.0,0.0,0.0,0.0
img0074,img0074_slice0026,0.0,0.0,0.0,0.0,0.0,0.0
img0074,img0074_slice0030,0.0,0.0,0.0,0.0,0.0,0.0
img0074,img0074_slice0045,0.3636363636169178,0.2857142856902761,0.9599999999573332,0.9230769229980276,0.5963636363404154,0.6373626373077514
img0074,img0074_slice0046,0.8001491424135674,0.6760416666416973,0.792890536597006,0.6890830027164517,-0.007258605816561348,0.01304133607475444
img0074,img0074_slice0047,0.7643988847977705,0.6573480788795216,0.7278936305879937,0.6222079954312489,-0.036505254209776794,-0.035140083448272685
img0074,img0074_slice0048,0.1241044322994079,0.0766600176691724,0.4317360018519131,0.3440756064749326,0.30763156955250515,0.2674155888057602
img0074,img0074_slice0049,0.2302276842010702,0.1493795441756544,0.4515786880541821,0.3835527792852325,0.2213510038531119,0.2341732351095781
img0074,img0074_slice0050,0.0745878568551995,0.0480445480441747,0.6050761488175912,0.5280081094872285,0.5304882919623917,0.47996356144305385
img0074,img0074_slice0051,0.1574838324877702,0.1030242222739664,0.5573874295876823,0.4655084590610717,0.3999035970999121,0.3624842367871053
img0074,img0074_slice0052,0.4254446422640571,0.3327044777843514,0.2691197931551547,0.1859235970975332,-0.15632484910890238,-0.14678088068681822
img0074,img0074_slice0053,0.4157235800805576,0.3450600646427201,0.3007579698791621,0.2287539432542124,-0.11496561020139551,-0.11630612138850771
img0074,img0074_slice0054,0.5614332944722558,0.4734413881819229,0.2749096723413879,0.2279136025300393,-0.28652362213086785,-0.24552778565188357
img0074,img0074_slice0055,0.4437971625159872,0.3821663326213698,0.3841057426273326,0.3299009455828726,-0.05969141988865462,-0.0522653870384972
img0074,img0074_slice0056,0.5447495510735871,0.4893098762391727,0.650062596501272,0.5427223223407219,0.10531304542768483,0.053412446101549216
img0074,img0074_slice0057,0.4451117812470961,0.3822048218426129,0.4795171090534357,0.3952059365906496,0.03440532780633959,0.013001114748036724
img0074,img0074_slice0058,0.5093506343468791,0.4479670368529401,0.5083690497457016,0.3954778174696628,-0.0009815846011774765,-0.052489219383277275
img0074,img0074_slice0059,0.4495010259078769,0.3987113631503419,0.6062683768339251,0.47576847999124,0.1567673509260482,0.07705711684089811
img0074,img0074_slice0060,0.5378110554013861,0.4808090522890033,0.5949234016324616,0.5297514346243731,0.05711234623107553,0.04894238233536985
img0074,img0074_slice0061,0.5599060066617754,0.5136470472544689,0.6932834703406741,0.6331758914587203,0.1333774636788987,0.11952884420425147
img0074,img0074_slice0062,0.4411307537647506,0.4039497787105564,0.6900718517258013,0.6434938191261967,0.24894109796105074,0.23954404041564037
img0074,img0074_slice0063,0.3832491573029473,0.3582524169355762,0.4177729093009505,0.3875482909513942,0.03452375199800323,0.029295874015818013
img0074,img0074_slice0064,0.2429526085803461,0.2267012751620191,0.4119586035207099,0.3846770737098354,0.1690059949403638,0.1579757985478163
img0074,img0074_slice0065,0.3595847103811243,0.3454851059827278,0.6090471435905271,0.5753379238564452,0.24946243320940287,0.22985281787371742
img0074,img0074_slice0066,0.4115462581578466,0.3959495863493938,0.4111071874536692,0.3950742663553478,-0.00043907070417742444,-0.0008753199940459977
img0074,img0074_slice0067,0.5018634168504086,0.4646454280144363,0.8504039893597891,0.7886430266750671,0.34854057250938053,0.3239975986606308
img0074,img0074_slice0068,0.6906972617816386,0.6360394221907588,0.6646665707270394,0.6152562330051413,-0.02603069105459921,-0.0207831891856175
img0074,img0074_slice0069,0.5292061581332563,0.4483956054317967,0.8616431129186773,0.787491904388557,0.332436954785421,0.3390962989567603
img0074,img0074_slice0070,0.509088971702453,0.4495869643241209,0.8575788254989967,0.7665398449277423,0.3484898537965436,0.3169528806036214
img0074,img0074_slice0071,0.8925776486799878,0.812021795102668,0.6806544986794778,0.6033823681983705,-0.21192315000050999,-0.2086394269042975
img0074,img0074_slice0072,0.8790819223217052,0.8010990857236768,0.7540315470873278,0.6437180618795307,-0.12505037523437745,-0.1573810238441461
img0074,img0074_slice0073,0.9036289734786196,0.8278515375196738,0.612618960959027,0.567037037013053,-0.2910100125195926,-0.2608145005066208
img0074,img0074_slice0074,0.6069281641751664,0.5600982679606744,0.6246153681670888,0.5884763854370697,0.017687203991922473,0.028378117476395293
img0074,img0074_slice0075,0.6160077936545874,0.5753256345502576,0.9803888057782584,0.9615321386848408,0.364381012123671,0.38620650413458313
img0074,img0074_slice0076,0.6211812444554803,0.5831005761950395,0.9256478709596816,0.8650381993338118,0.3044666265042013,0.28193762313877224
img0074,img0074_slice0077,0.5815212592157931,0.5200459702282672,0.4397773028801204,0.3961488549913912,-0.14174395633567272,-0.12389711523687597
img0074,img0074_slice0078,0.5280795789021462,0.4540322580328011,0.3770833333147817,0.3113975576440773,-0.15099624558736446,-0.14263470038872383
img0074,img0074_slice0084,0.0,0.0,0.0,0.0,0.0,0.0
img0074,img0074_slice0085,0.0,0.0,0.0,0.0,0.0,0.0
