stem,iou_vit,dice_vit,ap_vit,iou_swin,dice_swin,ap_swin,diff_iou,diff_dice,diff_ap
cju0qoxqj9q6s0835b43399p4,0.742028,0.851913,0.982616,0.9209,0.958821,0.99173,0.17887200000000003,0.106908,0.009113999999999955
cju0tl3uz8blh0993wxvn7ly3,0.058966,0.111366,0.047102,0.043134,0.082701,0.073133,-0.015832,-0.02866500000000001,0.026031000000000006
cju13cgqmnhwn0988yrainhcp,0.938294,0.968165,0.998226,0.927016,0.962126,0.997903,-0.01127800000000001,-0.006039000000000017,-0.0003229999999999622
cju171py4qiha0835u8sl59ds,0.928185,0.962755,0.995295,0.902184,0.948577,0.988627,-0.026001000000000052,-0.014178000000000024,-0.006668000000000007
cju17v6ih0u7808783zcbg1jy,0.962718,0.981005,0.998701,0.965317,0.982353,0.999221,0.002599000000000018,0.0013480000000000159,0.000520000000000076
cju17x0j4nfc10993y31pvlgs,0.832358,0.90851,0.996198,0.331159,0.49755,0.948914,-0.5011990000000001,-0.41096000000000005,-0.04728399999999999
cju18ibp219ub08783i6o98g7,0.7926,0.884302,0.944571,0.857834,0.923477,0.97717,0.06523400000000001,0.03917499999999996,0.032598999999999934
cju1b75x63ddl0799sdp0i2j3,0.862166,0.925982,0.967774,0.89657,0.945465,0.995201,0.03440399999999999,0.019483000000000028,0.02742699999999998
cju1c4fcu40hl07992b8gj0c8,0.893275,0.94363,0.991817,0.945576,0.972027,0.997822,0.05230099999999993,0.028397000000000006,0.006005000000000038
cju1cj3f0qi5n0993ut8f49rj,0.935963,0.966922,0.996494,0.946503,0.972516,0.994839,0.010539999999999994,0.005594000000000099,-0.001654999999999962
cju1d31sp4d4k0878r3fr02ul,0.947184,0.972876,0.996687,0.958065,0.978584,0.992103,0.01088100000000003,0.005708000000000046,-0.0045840000000000325
cju1fb9236a110801yvg0fwju,0.921317,0.959048,0.994932,0.771724,0.871156,0.948925,-0.1495930000000001,-0.08789199999999997,-0.04600700000000002
cju1g4nsb6ngy0799l4ezm8ab,0.947133,0.972849,0.998151,0.966296,0.982859,0.99923,0.01916300000000004,0.010010000000000074,0.0010789999999999411
cju1gv7106qd008784gk603mg,0.882537,0.937604,0.969597,0.94943,0.974059,0.997674,0.06689299999999998,0.036455000000000015,0.028076999999999908
cju2hw5gjlr5h0988so2qqres,0.898333,0.946444,0.995611,0.912348,0.954165,0.995669,0.014015,0.007721000000000089,5.8000000000002494e-05
cju2i6acqvo6l0799u20fift8,0.958433,0.978775,0.998065,0.973403,0.986523,0.999382,0.014970000000000039,0.007748000000000088,0.0013170000000000126
cju2okvco06xc0799kxe5n1qh,0.972672,0.986147,0.99962,0.969936,0.984739,0.9993,-0.0027359999999999607,-0.0014079999999999648,-0.00031999999999998696
cju2pag1f0s4r0878h52uq83s,0.907546,0.951532,0.996114,0.85418,0.921356,0.98493,-0.053365999999999914,-0.03017600000000009,-0.011184000000000083
cju2qdj95ru8g09886gfi9rsz,0.962725,0.981009,0.999004,0.969991,0.984767,0.999403,0.007265999999999995,0.003757999999999928,0.0003990000000000382
cju2r2obh2bjm08553kng0rh7,0.957645,0.978364,0.998872,0.907212,0.951349,0.997112,-0.05043299999999995,-0.02701500000000001,-0.0017599999999999838
cju2rzpsmtb0f0835jabkbao1,0.842201,0.914342,0.961974,0.848764,0.918196,0.930551,0.0065629999999999855,0.003854000000000024,-0.03142299999999998
cju2ycp1u8g2r0799jslnp7cz,0.878483,0.935311,0.98692,0.919495,0.95806,0.994033,0.04101199999999994,0.02274900000000002,0.007113000000000036
cju2yljr0yzhw0988ecf271ly,0.878668,0.935416,0.980723,0.892413,0.943148,0.989004,0.013745000000000007,0.007731999999999961,0.008280999999999983
cju2zblxw9848087853csbrx1,0.935197,0.966513,0.997099,0.956704,0.977873,0.998488,0.021507000000000054,0.011360000000000037,0.0013890000000000846
cju2zdhsczmn50988z64qwg2q,0.729589,0.843656,0.855607,0.75191,0.858389,0.840966,0.022320999999999924,0.014732999999999996,-0.014641000000000015
cju2zi4l09f5807991s8do2b2,0.945656,0.972069,0.997777,0.972169,0.985888,0.999407,0.026512999999999898,0.013819000000000026,0.0016300000000000203
cju2zpw4q9vzr0801p0lysjdl,0.858889,0.924088,0.988319,0.940469,0.969321,0.997064,0.08157999999999999,0.04523299999999997,0.008745000000000003
cju2zxja9w1eh09933609ho9z,0.918787,0.957675,0.996606,0.937,0.967475,0.997676,0.018213000000000035,0.00979999999999992,0.0010700000000000154
cju302fqq9spc0878rrygyzzz,0.762014,0.864935,0.987022,0.631798,0.774358,0.95906,-0.130216,-0.09057700000000002,-0.02796199999999993
cju30j1rgadut0801vuyrsnt8,0.836248,0.910823,0.94696,0.747112,0.855254,0.985284,-0.08913599999999999,-0.05556900000000009,0.038324000000000025
cju30k2z40ds308353kdew70n,0.941176,0.969697,0.997896,0.874071,0.932805,0.993945,-0.06710499999999997,-0.036892000000000036,-0.003951000000000038
cju30nyxe0gfb0835p256yoju,0.545856,0.706218,0.955564,0.557116,0.715574,0.898151,0.011259999999999937,0.009356000000000031,-0.057412999999999936
cju326h4v1gxw08352px40p7r,0.941635,0.96994,0.994168,0.862252,0.926031,0.975803,-0.07938299999999998,-0.043908999999999976,-0.018365000000000076
cju34fojcctcf0799ebolbvkn,0.884666,0.938804,0.990125,0.909521,0.952617,0.994944,0.02485500000000007,0.013813000000000075,0.004819000000000018
cju34sh43d8zm08019xbwhc0o,0.90542,0.950363,0.994693,0.953363,0.976125,0.998049,0.04794299999999996,0.025762000000000063,0.0033559999999999146
cju3v3ac9gyz30755hfqwyp1i,0.871425,0.931296,0.960493,0.90098,0.947911,0.995814,0.029554999999999998,0.016614999999999935,0.035320999999999936
cju3y21quj0ir0818kgjagr15,0.646413,0.785238,0.946544,0.888672,0.941055,0.988898,0.242259,0.15581699999999998,0.042354
cju3yb47cj1xq0817zfotbni4,0.854477,0.921529,0.980964,0.806183,0.892693,0.946874,-0.04829400000000006,-0.028836000000000084,-0.034089999999999954
cju414lf2l1lt0801rl3hjllj,0.63702,0.778268,0.89453,0.434867,0.606142,0.774178,-0.20215300000000003,-0.172126,-0.12035200000000001
cju45n0oxn5vu08500yfrt9jn,0.946388,0.972456,0.99621,0.967579,0.983522,0.999191,0.02119099999999996,0.01106600000000002,0.0029810000000000114
cju45ofd9ne1j0801ri8dup7t,0.721225,0.838037,0.962455,0.785204,0.87968,0.96004,0.06397900000000001,0.041642999999999986,-0.002414999999999945
cju5bdwa3aatx0818b79i18zf,0.9444,0.971405,0.997707,0.958288,0.9787,0.998762,0.013888000000000011,0.0072950000000000514,0.0010550000000000281
cju5bhv81abur0850ean02atv,0.898208,0.946375,0.994347,0.759933,0.863593,0.988523,-0.13827500000000004,-0.08278199999999991,-0.00582399999999994
cju5bj926aiec07559rshy4wa,0.861213,0.925432,0.971751,0.931368,0.964464,0.994514,0.07015499999999997,0.039031999999999956,0.022762999999999978
cju5cu8qkb84x08186jwo8yin,0.869761,0.930345,0.988748,0.42952,0.600929,0.558947,-0.440241,-0.32941599999999993,-0.429801
cju5eyfe9cpk90987laa7tsl3,0.921076,0.958917,0.991747,0.95053,0.974637,0.99545,0.02945399999999998,0.015719999999999956,0.003702999999999901
cju5f26ebcuai0818xlwh6116,0.92726,0.962257,0.995756,0.905383,0.950342,0.992966,-0.021876999999999924,-0.011915000000000009,-0.002789999999999959
cju5f8hxdcxxn08188obby0ea,0.952803,0.975831,0.998982,0.944024,0.971206,0.998206,-0.008778999999999981,-0.00462499999999999,-0.0007759999999999989
cju5fu081d8gc0818l3yylujk,0.862794,0.926344,0.975841,0.851657,0.919886,0.983602,-0.011136999999999952,-0.006457999999999964,0.007761000000000018
cju5fw37edaae0801vkwvocn7,0.955836,0.977419,0.998184,0.967803,0.983638,0.999044,0.01196699999999995,0.0062189999999999745,0.0008600000000000829
cju5hqz50e7o90850e0prlpa0,0.923139,0.960034,0.995832,0.919434,0.958026,0.99652,-0.0037050000000000693,-0.0020080000000000098,0.0006879999999999109
cju5hyi9yegob0755ho3do8en,0.822019,0.902316,0.878331,0.921047,0.958901,0.995489,0.0990279999999999,0.056584999999999996,0.11715799999999998
cju5i39mreass0817au8p22zy,0.475163,0.644217,0.953254,0.401817,0.57328,0.829623,-0.07334600000000002,-0.07093700000000003,-0.12363100000000005
cju5k503sfa5f0871lx0rpu5y,0.912312,0.954146,0.991333,0.927709,0.962499,0.995579,0.015396999999999994,0.008352999999999944,0.004245999999999972
cju5klveuff6w0871wbibgh3m,0.923771,0.960375,0.994864,0.839024,0.912467,0.979708,-0.08474700000000002,-0.04790799999999995,-0.015155999999999947
cju5vwbr4lhqn0987a1pji0ux,0.900679,0.947744,0.992072,0.866395,0.928416,0.991237,-0.03428399999999998,-0.019328000000000012,-0.0008349999999999191
cju5w7xn0lrkq0801f9k0htgx,0.889709,0.941636,0.98071,0.929895,0.963674,0.992787,0.040186000000000055,0.022038000000000002,0.012077000000000004
cju5y4hgqmk0i08180rjhbwvp,0.84399,0.915396,0.98735,0.911496,0.953699,0.995828,0.06750599999999995,0.038302999999999976,0.008478000000000097
cju5y84q3mdv50817eyp82xf3,0.914641,0.955418,0.994699,0.922142,0.959494,0.989542,0.00750099999999998,0.0040759999999999685,-0.005156999999999967
cju5yjq1pmlgc0801z0t24bly,0.880828,0.936638,0.958,0.898566,0.946573,0.960725,0.01773799999999992,0.009935000000000027,0.0027250000000000885
cju6ut4l8va6y0755tyw3vfqq,0.881688,0.937125,0.99147,0.864264,0.92719,0.976738,-0.017423999999999995,-0.009935000000000027,-0.014731999999999967
cju6uy20suzbl0987rzuhz7z9,0.932681,0.965168,0.996569,0.923532,0.960246,0.995114,-0.009148999999999963,-0.004921999999999982,-0.001454999999999984
cju6v6g6kvdw007552x6mb0po,0.905233,0.95026,0.979401,0.934921,0.966366,0.995958,0.029688000000000048,0.016105999999999954,0.016557000000000044
cju6vucxvvlda0755j7msqnya,0.819328,0.900693,0.908214,0.824427,0.903766,0.896034,0.005099000000000076,0.0030729999999999924,-0.012179999999999969
cju6w733bveoz0817e600tw72,0.778564,0.875497,0.937553,0.870176,0.930582,0.937834,0.09161199999999992,0.05508500000000005,0.0002809999999999757
cju6wn57mvooj0850rp78hhy7,0.753324,0.859309,0.946501,0.917188,0.956805,0.992053,0.163864,0.09749600000000003,0.045551999999999926
cju6xa0qmvzun0818xjukgncj,0.900603,0.947702,0.991847,0.955403,0.977193,0.998301,0.05479999999999996,0.029490999999999934,0.00645399999999996
cju6xmqd9w0250817l5kxfnsk,0.964847,0.982109,0.999064,0.96946,0.984493,0.999268,0.004612999999999978,0.0023839999999999417,0.000204000000000093
cju77afzlz3kp07550x5nafzs,0.817979,0.899877,0.98749,0.854225,0.921382,0.972784,0.036246,0.021504999999999996,-0.014705999999999997
cju77g99iyxc00817zqi2ppor,0.933574,0.965646,0.991152,0.939456,0.968783,0.995836,0.005881999999999943,0.0031369999999999454,0.0046840000000000215
cju77k828z46w0871r0avuoo9,0.951645,0.975223,0.997306,0.953645,0.976273,0.99553,0.0020000000000000018,0.0010499999999999954,-0.0017759999999999998
cju7aez2x1jtj0871ztezs3oi,0.546556,0.706804,0.902196,0.523948,0.687619,0.922816,-0.022608000000000072,-0.019185000000000008,0.02061999999999997
cju7agj961l2r0818z29iq8yn,0.884106,0.938489,0.966827,0.900981,0.947912,0.974455,0.016875000000000084,0.00942299999999996,0.007627999999999968
cju7awzmu1ncs0871hziy65zx,0.933969,0.965857,0.996573,0.948139,0.973379,0.998387,0.014169999999999905,0.007522000000000029,0.0018139999999999823
cju7b2l561oas0871decgslaf,0.92415,0.96058,0.997814,0.950859,0.974811,0.99875,0.026708999999999983,0.014230999999999994,0.0009360000000000479
cju7cp6dw244p0818gncdol4m,0.917051,0.956731,0.996217,0.928682,0.963023,0.996662,0.011631000000000058,0.006291999999999964,0.0004450000000000287
cju7d8m3b2e210755l8fj1yph,0.777402,0.874762,0.951069,0.107528,0.194176,0.386656,-0.6698740000000001,-0.680586,-0.564413
cju7d9seq29zd0871nzl2uu5m,0.466628,0.636328,0.803148,0.440204,0.611307,0.676658,-0.026424000000000003,-0.02502099999999996,-0.12649
cju7dn24o296i09871qfxb8s2,0.634964,0.776731,0.651669,0.751124,0.857876,0.945306,0.11616000000000004,0.08114500000000002,0.2936369999999999
cju7dqcwi2dz00850gcmr2ert,0.896099,0.945203,0.992512,0.700438,0.823833,0.943809,-0.19566099999999997,-0.12136999999999998,-0.04870299999999994
cju7ev2b12owa08500bpfpwyw,0.917408,0.956925,0.986889,0.945838,0.972165,0.997841,0.028429999999999955,0.01523999999999992,0.010951999999999962
cju7fbndk2sl608015ravktum,0.945837,0.972165,0.995356,0.93306,0.965371,0.99715,-0.012777000000000038,-0.006793999999999967,0.0017939999999999623
cju83nwu1jxte0987h1krpfmv,0.890204,0.941913,0.991362,0.922412,0.95964,0.99786,0.032208000000000014,0.01772700000000005,0.006498000000000004
cju846ec0kj7z08012o10klrb,0.927796,0.962546,0.994768,0.951725,0.975266,0.998944,0.02392900000000009,0.012719999999999954,0.0041760000000000685
cju84hibuktj80871u519o71q,0.938934,0.968505,0.998629,0.968145,0.983815,0.999337,0.029210999999999987,0.015310000000000046,0.0007080000000000419
cju8567gdlcbq0801dwwyo2jt,0.968468,0.983981,0.999098,0.966649,0.983042,0.998681,-0.001819000000000015,-0.0009390000000000231,-0.0004170000000000007
cju85c2d4ln1b0755zz1z3onx,0.33003,0.496274,0.859898,0.37402,0.544417,0.90229,0.04399000000000003,0.04814300000000005,0.042391999999999985
cju8arof2qpf20850ifr1bnqj,0.65148,0.788965,0.971555,0.619995,0.765428,0.742534,-0.031484999999999985,-0.02353700000000003,-0.22902099999999992
cju8at3s1qqqx0850hcq8nmnq,0.870875,0.930982,0.988328,0.73015,0.844031,0.841025,-0.140725,-0.086951,-0.14730299999999996
cju8bbznkrf5g0871jncffynk,0.953241,0.976061,0.998122,0.961426,0.980334,0.997936,0.008184999999999998,0.004273000000000082,-0.00018599999999990846
cju8bj2ssrmlm0871gc2ug2rs,0.588808,0.741194,0.964859,0.39222,0.563446,0.915924,-0.19658799999999998,-0.17774800000000002,-0.04893500000000006
cju8bqxxurs6i0850mu7mtef9,0.935812,0.966842,0.99649,0.946679,0.972609,0.99756,0.010867000000000071,0.005766999999999967,0.0010700000000000154
cju8bw697rwg308177tg8huas,0.634736,0.776561,0.953103,0.896372,0.945354,0.990545,0.261636,0.16879300000000008,0.037441999999999975
cju8c3xs7sauj0801ieyzezr5,0.908243,0.951916,0.966046,0.895618,0.944935,0.965656,-0.012624999999999997,-0.006981000000000015,-0.00039000000000000146
cju8chdlqsu620755azjty1tj,0.895203,0.944704,0.98154,0.929942,0.9637,0.996143,0.034739000000000075,0.018996000000000013,0.014603000000000033
cju8d2q30tfhs0801n7lx77xl,0.953143,0.976009,0.997452,0.954715,0.976833,0.996155,0.0015720000000000178,0.0008239999999999359,-0.0012969999999999926
cju8djdqztu6408506pzhlo18,0.87861,0.935383,0.989813,0.876072,0.933943,0.964315,-0.0025380000000000402,-0.0014399999999999968,-0.02549800000000002
cju8dn0c3u2v50801k8rvq02f,0.958401,0.978759,0.99843,0.970526,0.985042,0.998917,0.012125000000000052,0.0062829999999999275,0.0004870000000000152
cju8doa16u5gh0818w1ywda3q,0.881225,0.936863,0.98467,0.824007,0.903513,0.978659,-0.05721799999999999,-0.03334999999999999,-0.0060110000000001
cjyzlw7f9faqr070129au64sq,0.819166,0.900595,0.97516,0.835085,0.910132,0.991512,0.015919000000000016,0.009537000000000018,0.016351999999999922
