index,case_id,slice_id,mean_dice,mean_iou,present_gt_classes,present_pred_classes
0,img0002,img0002_slice0006,0.0,0.0,,6
1,img0002,img0002_slice0008,0.0,0.0,,"2,6"
2,img0002,img0002_slice0028,0.0,0.0,,2
3,img0002,img0002_slice0043,0.0,0.0,,"6,8"
4,img0002,img0002_slice0047,0.0,0.0,,6
5,img0002,img0002_slice0061,0.0,0.0,,6
6,img0002,img0002_slice0064,0.44110275688117534,0.39461883406302156,9,"6,9"
7,img0002,img0002_slice0065,0.3172995780510388,0.30273752011419947,9,"2,6,9"
8,img0002,img0002_slice0066,0.30476190475222975,0.21917808218177268,9,"6,9"
9,img0002,img0002_slice0067,0.40193326269305674,0.26542381410204363,"8,9","8,9"
10,img0002,img0002_slice0068,0.5043122511893731,0.3432969215256245,"8,9","8,9"
11,img0002,img0002_slice0069,0.9269519901381942,0.8660416666016415,"8,9","8,9"
12,img0002,img0002_slice0070,0.624542897301444,0.5878765247238881,"8,9","2,8,9"
13,img0002,img0002_slice0071,0.9556844038330292,0.9156902186874335,"8,9","8,9"
14,img0002,img0002_slice0072,0.6251649861644832,0.5902526203509458,"8,9","5,8,9"
15,img0002,img0002_slice0073,0.37400883040430477,0.29471774425857367,"2,8,9","2,8,9,14"
16,img0002,img0002_slice0074,0.5097358999492544,0.41491434570650865,"2,8,9","2,5,8,9"
17,img0002,img0002_slice0075,0.8439106282832847,0.7370975990540399,"2,8,9","2,8,9"
18,img0002,img0002_slice0076,0.8031059916817239,0.6882972180189104,"2,8,9","2,8,9"
19,img0002,img0002_slice0077,0.5340612796509803,0.48407709901837104,"2,8,9","2,6,8,9"
20,img0002,img0002_slice0078,0.7915952877215089,0.7296990084777053,"2,6,8,9","2,6,8,9"
21,img0002,img0002_slice0079,0.8732812053697191,0.7944980852731294,"2,6,8,9","2,6,8,9"
22,img0002,img0002_slice0080,0.6970747622576551,0.63686813026904,"2,6,8,9,14","2,6,8,9"
23,img0002,img0002_slice0081,0.5811891594336847,0.5180515490277163,"2,3,6,8,9,14","2,6,8,9"
24,img0002,img0002_slice0082,0.5826583272313647,0.5015653516473374,"2,3,6,8,9,14","2,4,6,8,9,14"
25,img0002,img0002_slice0083,0.6031632459966207,0.5335867730103333,"2,3,6,8,9,14","2,4,6,8,9,14"
26,img0002,img0002_slice0084,0.6373986067208322,0.577290010839139,"2,3,6,8,9,14","2,4,6,8,9,14"
27,img0002,img0002_slice0085,0.6240774549095348,0.5605313149189435,"2,3,6,8,9,14","2,4,6,8,9,14"
28,img0002,img0002_slice0086,0.6018126937536203,0.5396008994422961,"2,3,4,6,8,9,14","2,4,6,8,9,11,14"
29,img0002,img0002_slice0087,0.7564817333789065,0.6702490441530417,"2,3,4,6,7,8,9,14","2,3,4,6,7,8,9,11,14"
30,img0002,img0002_slice0088,0.7241751970469514,0.6715553073014535,"2,3,4,6,7,8,9,14","2,3,4,6,7,8,9,11,14"
31,img0002,img0002_slice0089,0.6867650072103466,0.6048464119889514,"2,3,4,6,7,8,9,11,14","2,3,4,6,7,8,9,11,12,14"
32,img0002,img0002_slice0090,0.7970994972359463,0.729709095244975,"2,3,4,6,7,8,9,11,14","2,3,4,6,7,9,11,14"
33,img0002,img0002_slice0091,0.8073923413140037,0.7260891124839411,"2,3,4,6,7,8,9,11,14","2,3,4,6,7,8,9,11,14"
34,img0002,img0002_slice0092,0.830060781980841,0.7388426031297872,"2,3,4,6,7,8,9,11,14","2,3,4,6,7,8,9,11,14"
35,img0002,img0002_slice0093,0.8169235006484776,0.7466278536213522,"2,3,4,6,7,8,9,11,14","2,3,4,6,7,8,9,11,14"
36,img0002,img0002_slice0094,0.7908325396710503,0.7186300973423367,"2,3,4,6,7,8,9,11,14","2,3,4,6,7,9,11,14"
37,img0002,img0002_slice0095,0.7517628519722763,0.6704131554092577,"2,3,4,6,7,8,9,11,14","2,3,4,6,7,8,9,10,11,14"
38,img0002,img0002_slice0096,0.7645717827414442,0.6780452988090089,"2,3,4,6,7,8,9,11,14","2,3,4,6,7,8,9,10,11,14"
39,img0002,img0002_slice0097,0.6639281942173262,0.5774548411221251,"2,3,4,6,7,8,9,11,14","2,3,4,6,7,8,9,10,11,12,14"
40,img0002,img0002_slice0098,0.6350056587077966,0.5510961346647011,"2,3,4,6,7,8,9,11,14","2,3,4,6,7,8,9,10,11,12,14"
41,img0002,img0002_slice0099,0.7613581530997333,0.6687584633903368,"2,3,4,6,7,8,9,11,12,14","2,3,4,6,7,8,9,10,11,12,14"
42,img0002,img0002_slice0100,0.8272149566258196,0.7204211727548038,"2,3,4,6,7,8,9,10,11,12,14","2,3,4,6,7,8,9,10,11,12,14"
43,img0002,img0002_slice0101,0.7377033574311856,0.6324948020180342,"2,3,4,6,7,8,9,10,11,12,13,14","2,3,4,6,7,8,9,10,11,12,14"
44,img0002,img0002_slice0102,0.5719461357195254,0.47726531437654157,"3,4,6,7,8,9,10,11,12,13,14","2,3,4,6,7,8,9,10,11,12,14"
45,img0002,img0002_slice0103,0.5771895075915369,0.488018317913025,"3,4,6,7,8,9,10,11,12,13,14","2,4,6,7,8,9,10,11,12,14"
46,img0002,img0002_slice0104,0.5243390969341849,0.44549132296214894,"3,6,7,8,9,10,11,12,13,14","2,4,6,7,8,9,10,11,12,14"
47,img0002,img0002_slice0105,0.5088882697972378,0.4433960313847436,"1,3,6,7,8,9,10,11,12,13,14","2,4,6,7,8,9,10,11,12,14"
48,img0002,img0002_slice0106,0.5074408573299958,0.4456650750729328,"1,3,6,7,8,9,10,11,12,13,14","2,4,6,7,8,9,10,11,12,14"
49,img0002,img0002_slice0107,0.4496231336804153,0.39161655904351644,"1,3,6,7,8,9,10,11,12,13,14","2,4,6,7,8,9,10,11,12,14"
50,img0002,img0002_slice0108,0.4273498731337561,0.37708915025899,"1,3,6,7,8,9,10,11,12,13","2,4,5,6,7,8,9,10,11,12,14"
51,img0002,img0002_slice0109,0.4380772071062226,0.3738788782907872,"1,3,6,7,8,9,10,11,12,13","1,2,5,6,7,8,9,10,11,12,14"
52,img0002,img0002_slice0110,0.6527118894605856,0.5739905936802776,"1,3,6,7,8,9,10,11,12,13","1,3,6,7,8,9,10,11,12,13,14"
53,img0002,img0002_slice0111,0.6898518154203843,0.5805888057310585,"1,3,6,7,8,9,10,11,12,13","1,3,6,7,8,9,10,11,12,13"
54,img0002,img0002_slice0112,0.6089885260613007,0.5155248216452049,"1,3,6,7,8,9,10,11,13","1,3,6,7,8,9,10,11,13"
55,img0002,img0002_slice0113,0.6600931792868978,0.5883972460980215,"1,3,6,7,8,9,10,11,13","1,6,7,8,9,10,11"
56,img0002,img0002_slice0114,0.7292421772562029,0.6364292980638796,"1,6,7,8,9,10,11,13","1,6,7,8,9,10,11"
57,img0002,img0002_slice0115,0.5317466849520273,0.48130480371413004,"1,6,7,8,9,10,11,13","1,5,6,7,8,9,10"
58,img0002,img0002_slice0116,0.714604304949766,0.6404686412763615,"1,6,7,8,9,10,11","1,6,7,8,9,10"
59,img0002,img0002_slice0117,0.8682903534206923,0.7856704629909498,"1,6,7,8,9,10","1,6,7,8,9,10"
60,img0002,img0002_slice0118,0.8870634818736928,0.8112909725624465,"1,6,7,8,9,10","1,6,7,8,9,10"
61,img0002,img0002_slice0119,0.6600249127326471,0.6001270813874322,"1,6,7,8,9,10","1,5,6,7,8,9,10"
62,img0002,img0002_slice0120,0.7443332195438649,0.6827960782180332,"1,6,7,8,9","1,5,6,7,8,9"
63,img0002,img0002_slice0121,0.7104302932890758,0.6350031526249756,"1,6,7,8,9","1,5,6,7,8,9"
64,img0002,img0002_slice0122,0.8192128278657046,0.7315775660825171,"1,5,6,7,8,9","1,5,6,7,8,9"
65,img0002,img0002_slice0123,0.8778021256539988,0.801997309756759,"1,5,6,7,8,9","1,5,6,7,8,9"
66,img0002,img0002_slice0124,0.8361741759911779,0.7409703322276814,"1,5,6,7,8,9","1,5,6,7,8,9"
67,img0002,img0002_slice0125,0.6251106102861813,0.5695910699888435,"1,5,6,7,8,9","5,6,7,8,9"
68,img0002,img0002_slice0126,0.9390978403561986,0.8862857966029097,"5,6,8,9","5,6,8,9"
69,img0002,img0002_slice0127,0.933741246131008,0.8773986608907055,"5,6,8,9","5,6,8,9"
70,img0002,img0002_slice0128,0.8847012373376162,0.7993269039718814,"5,6,8,9","5,6,8,9"
71,img0002,img0002_slice0129,0.7057987533624928,0.6425776838110326,"5,6,8,9","5,6,8,9"
72,img0002,img0002_slice0130,0.6422376122963135,0.5480264071002057,"5,6,8,9","5,6,8,9"
73,img0002,img0002_slice0131,0.7907360803140145,0.6669771539956353,"5,6,8,9","5,6,8,9"
74,img0002,img0002_slice0132,0.8846924026047475,0.8019519518957511,"5,8,9","5,8,9"
75,img0002,img0002_slice0133,0.8759551410177323,0.7831802434381556,"5,8,9","5,8,9"
76,img0002,img0002_slice0134,0.8910987398974494,0.8050281293332852,"5,8,9","5,8,9"
77,img0002,img0002_slice0135,0.9018133789862857,0.8213994191720948,"5,8,9","5,8,9"
78,img0002,img0002_slice0136,0.6622863820063275,0.5953523392057638,"5,8,9","5,8,9,14"
79,img0002,img0002_slice0137,0.617158419587785,0.5244019287450462,"5,8,9","5,8,9,14"
80,img0002,img0002_slice0138,0.5818593584529042,0.4754571913115809,"5,8,9","5,8,9,14"
81,img0008,img0008_slice0005,0.0,0.0,,
82,img0008,img0008_slice0010,0.0,0.0,,
83,img0008,img0008_slice0015,0.0,0.0,,"1,3"
84,img0008,img0008_slice0033,0.0,0.0,,
85,img0008,img0008_slice0037,0.0,0.0,,
86,img0008,img0008_slice0048,0.0,0.0,,6
87,img0008,img0008_slice0058,0.0,0.0,,6
88,img0008,img0008_slice0068,0.0,0.0,,14
89,img0008,img0008_slice0076,0.0,0.0,8,
90,img0008,img0008_slice0077,0.0,0.0,"8,9",
91,img0008,img0008_slice0078,0.0,0.0,"8,9",14
92,img0008,img0008_slice0079,0.0,0.0,"8,9",9
93,img0008,img0008_slice0080,0.21794871792776135,0.16190476188163266,"8,9,14",14
94,img0008,img0008_slice0081,0.27113237638256144,0.228494623637487,"8,9,14",14
95,img0008,img0008_slice0082,0.2871189773759945,0.25215889463287605,"8,9,14",14
96,img0008,img0008_slice0083,0.21114369500847086,0.15450643776160916,"8,9,14","9,14"
97,img0008,img0008_slice0084,0.15024038461177305,0.10738831614751243,"6,8,9,14","9,14"
98,img0008,img0008_slice0085,0.10755555555316543,0.07355623100080376,"6,8,9,14","9,11,14"
99,img0008,img0008_slice0086,0.2355125522916505,0.16708262182158967,"6,8,9,11,14","11,14"
100,img0008,img0008_slice0087,0.4383060805863166,0.3454301404548124,"6,8,9,11,14","6,11,14"
101,img0008,img0008_slice0088,0.4073457958450074,0.31871346433461234,"6,8,9,11,14","6,11,14"
102,img0008,img0008_slice0089,0.5030184484540721,0.4374023729576885,"6,8,9,11,14","6,11,14"
103,img0008,img0008_slice0090,0.4604720268356613,0.3976063201447792,"6,8,9,11,14","6,11,14"
104,img0008,img0008_slice0091,0.49534019785248085,0.432208101349887,"6,8,9,11,14","6,11,14"
105,img0008,img0008_slice0092,0.42986165591727393,0.3826516773554031,"6,8,9,11,14","2,6,11,14"
106,img0008,img0008_slice0093,0.4359150554422249,0.38891796575933185,"6,8,9,11,14","2,6,9,11,14"
107,img0008,img0008_slice0094,0.4174733276685945,0.36439706946755046,"6,8,9,11,14","1,6,11,14"
108,img0008,img0008_slice0095,0.310733042746614,0.2733108921296923,"2,6,8,9,11,14","1,6,7,11,14"
109,img0008,img0008_slice0096,0.304656538893513,0.2618894636820983,"2,6,8,9,11,14","1,6,7,11,14"
110,img0008,img0008_slice0097,0.35628271492523667,0.3095479250461188,"2,6,8,9,11,14","6,7,11,14"
111,img0008,img0008_slice0098,0.3153525363796206,0.26167336501533567,"2,6,8,9,11,14","2,6,7,11,14"
112,img0008,img0008_slice0099,0.25644417315751766,0.20835031327833922,"2,3,6,8,9,11,14","6,7,11,14"
113,img0008,img0008_slice0100,0.2474039853605891,0.19968485581203022,"2,3,6,8,9,11,14","6,7,11,14"
114,img0008,img0008_slice0101,0.2260491468253531,0.17813138149796368,"2,3,6,8,9,11,14","6,7,11,14"
115,img0008,img0008_slice0102,0.3518630423471242,0.3053474273940703,"2,3,4,6,8,9,11,14","4,6,11,14"
116,img0008,img0008_slice0103,0.3404931009152399,0.3009570133716246,"2,3,4,6,8,9,11,14","4,6,11,14"
117,img0008,img0008_slice0104,0.41282759981000616,0.3600619334637653,"2,3,4,6,8,9,11,14","4,6,11,14"
118,img0008,img0008_slice0105,0.38941340238217026,0.3295160059366032,"2,3,4,6,7,8,9,11,14","4,6,7,8,11,14"
119,img0008,img0008_slice0106,0.3011273990001177,0.25758791948825605,"2,3,4,6,7,8,9,11,14","1,4,6,7,8,11,14"
120,img0008,img0008_slice0107,0.26580167937009125,0.2287129510489316,"1,2,3,4,6,7,8,9,10,11,14","4,6,11,14"
121,img0008,img0008_slice0108,0.33630659853022354,0.2703310477609338,"1,2,3,4,6,7,8,9,10,11,13,14","1,4,6,7,11,14"
122,img0008,img0008_slice0109,0.34337025908612484,0.2783625764897723,"1,2,3,4,6,7,8,9,10,11,13,14","1,4,6,7,10,11,12,14"
123,img0008,img0008_slice0110,0.32745616697790714,0.26928496031853333,"1,2,3,4,6,7,8,9,10,11,13,14","1,4,6,7,11,12,14"
124,img0008,img0008_slice0111,0.3450554973312506,0.29779688883825356,"1,2,3,4,6,7,8,9,10,11,13,14","1,4,6,7,8,10,11,12,14"
125,img0008,img0008_slice0112,0.3407666674032201,0.28332992971097753,"1,2,3,4,6,7,8,9,10,11,12,13,14","1,4,6,7,11,12,13,14"
126,img0008,img0008_slice0113,0.35623201485032385,0.2924827081464642,"1,2,3,4,6,7,8,9,10,11,12,13,14","1,4,6,7,11,12,14"
127,img0008,img0008_slice0114,0.45818514186540377,0.38885786905563574,"1,2,3,4,6,7,8,9,10,11,12,13","1,4,6,7,8,11,12,13,14"
128,img0008,img0008_slice0115,0.4504955574109291,0.3808989616701985,"1,3,6,7,8,9,10,11,12,13","1,4,6,7,8,10,11,12,13,14"
129,img0008,img0008_slice0116,0.38244477487713757,0.3176275085300262,"1,3,6,7,8,9,10,11,12,13","1,4,6,7,8,10,11,12,13,14"
130,img0008,img0008_slice0117,0.3826591736421417,0.3278619240335348,"1,3,6,7,8,9,10,11,12,13","1,6,7,11,12"
131,img0008,img0008_slice0118,0.28809011271184726,0.25686165987637294,"1,3,6,7,8,9,10,12,13","1,6,7,10,11,12,14"
132,img0008,img0008_slice0119,0.3228347613276077,0.28995210539817257,"1,3,6,7,8,9,10,12,13","1,6,7,9,10,11,13"
133,img0008,img0008_slice0120,0.47272351353133196,0.42263477080248557,"1,6,7,8,9,10,12,13","1,6,7,9,10,11,13"
134,img0008,img0008_slice0121,0.5223620567877274,0.47986862187763446,"1,6,7,8,9,10,12,13","1,6,7,9,10"
135,img0008,img0008_slice0122,0.600687996780364,0.5549397508542959,"1,6,7,8,9,10,12","1,6,7,9,10"
136,img0008,img0008_slice0123,0.6329244019216621,0.5814849624778927,"1,6,7,8,9,10,12","1,6,7,9,10"
137,img0008,img0008_slice0124,0.6431009207417598,0.5947325507278334,"1,6,7,8,9,10","1,5,6,7,9,10"
138,img0008,img0008_slice0125,0.6718107454779856,0.6354951345593083,"1,6,7,8,9,10","1,5,6,7,9,10"
139,img0008,img0008_slice0126,0.5339178529754922,0.5013038545436936,"1,6,7,8,9","1,4,5,6,7,9"
140,img0008,img0008_slice0127,0.5734198651668091,0.5049701026434686,"1,5,6,7,8,9","1,4,5,6,7,9"
141,img0008,img0008_slice0128,0.6478698316721244,0.5406861718124654,"1,5,6,7,8,9","1,5,6,7,9"
142,img0008,img0008_slice0129,0.6432781684757788,0.5484718900582429,"1,5,6,7,8,9","1,5,6,7,8,9"
143,img0008,img0008_slice0130,0.6107898627854825,0.5094899917778317,"1,5,6,7,8,9","1,5,6,7,9"
144,img0008,img0008_slice0131,0.5499422499674929,0.48548262906836465,"1,5,6,8,9","1,4,5,6,9"
145,img0008,img0008_slice0132,0.5543717049511023,0.4735956278150166,"1,5,6,8,9","1,5,6,9"
146,img0008,img0008_slice0133,0.3184057664836386,0.29337505317046264,"1,5,6,8,9","1,5,6,7"
147,img0008,img0008_slice0134,0.5554897575828895,0.5175276644698872,"5,6,8,9","1,5,6,9"
148,img0008,img0008_slice0135,0.7131670338112854,0.6802806755806703,"5,6,8,9","5,6,9"
149,img0008,img0008_slice0136,0.6920706288135033,0.6468704586762442,"5,6,8,9","5,6,9"
150,img0008,img0008_slice0137,0.6493642578563618,0.5758023301879223,"5,6,8,9","5,6,9"
151,img0008,img0008_slice0138,0.5541624098127509,0.4793388429470893,"5,8,9","5,9"
152,img0008,img0008_slice0139,0.5904729396356835,0.49635122407421606,"5,8,9","5,8,9"
153,img0008,img0008_slice0140,0.5785716741850441,0.5176842429501117,"5,8,9","5,9"
154,img0008,img0008_slice0141,0.5984458734984188,0.5451572993540825,"5,8,9","5,9"
155,img0008,img0008_slice0142,0.2583333333171875,0.2108843537199778,"5,8","5,9"
156,img0008,img0008_slice0143,0.4953022266975222,0.3946918238647745,"5,8","5,8,9"
157,img0008,img0008_slice0144,0.578982316318062,0.5116824980415463,"5,8","5,8,9"
158,img0008,img0008_slice0145,0.5505503144349042,0.47202447317965057,"5,8","5,8,9"
159,img0008,img0008_slice0146,0.8785140561747858,0.7862473346763925,"5,8","5,8"
160,img0008,img0008_slice0147,0.7834640106900248,0.664170451188544,"5,8","5,8"
161,img0025,img0025_slice0010,0.0,0.0,,
162,img0025,img0025_slice0015,0.0,0.0,,
163,img0025,img0025_slice0024,0.0,0.0,,
164,img0025,img0025_slice0029,0.0,0.0,,
165,img0025,img0025_slice0036,0.0,0.0,2,3
166,img0025,img0025_slice0037,0.0,0.0,2,3
167,img0025,img0025_slice0038,0.0,0.0,2,"3,9"
168,img0025,img0025_slice0039,0.0,0.0,"2,3","3,9,14"
169,img0025,img0025_slice0040,0.26805853468382523,0.21446149922350155,"2,3,8,9","2,3,5,9,14"
170,img0025,img0025_slice0041,0.21260287911567305,0.14071128982100137,"2,3,8,9","2,3,8,9,14"
171,img0025,img0025_slice0042,0.17679304188975428,0.12717750284349957,"2,3,8,9,14","2,3,8,14"
172,img0025,img0025_slice0043,0.42843676041685336,0.36631371793049056,"2,3,8,9,14","2,3,8,9,11,14"
173,img0025,img0025_slice0044,0.38039030710358523,0.2879972115753093,"2,3,6,8,9,14","2,3,9,14"
174,img0025,img0025_slice0045,0.420662460553507,0.33405579872131064,"2,3,6,8,9,14","2,3,6,9,14"
175,img0025,img0025_slice0046,0.3379370256852311,0.2661435062876856,"2,3,6,8,9,14","2,3,6,11,12,14"
176,img0025,img0025_slice0047,0.4120930569029262,0.3210853466698083,"2,3,6,8,9,14","2,3,6,8,11,12,14"
177,img0025,img0025_slice0048,0.41693843029381783,0.3361035456837934,"2,3,6,8,9,11,14","2,3,6,8,11,12,14"
178,img0025,img0025_slice0049,0.5151490939133516,0.433816759217598,"2,3,6,8,9,11,14","2,3,6,8,11,12,14"
179,img0025,img0025_slice0050,0.4555056187403361,0.39651314122608045,"2,3,6,7,8,9,11,14","2,3,6,9,11,12,14"
180,img0025,img0025_slice0051,0.5659884286617638,0.4787469291340494,"2,3,6,7,8,9,11,14","2,3,6,8,9,11,12,14"
181,img0025,img0025_slice0052,0.5267595788463413,0.4266666063423355,"2,3,4,6,7,8,9,11,14","2,3,4,6,7,8,9,10,11,12,14"
182,img0025,img0025_slice0053,0.4700095614074892,0.3884426850334542,"2,3,4,6,7,8,9,11,14","1,3,4,6,7,8,9,10,11,14"
183,img0025,img0025_slice0054,0.4765504448409886,0.3888846929420234,"3,4,6,7,8,9,11,14","1,3,4,6,7,8,9,10,11,12,14"
184,img0025,img0025_slice0055,0.5837399301361014,0.4795814761170745,"3,4,6,7,8,9,11,14","3,4,6,7,8,9,10,11,12,14"
185,img0025,img0025_slice0056,0.5167630821603915,0.4358744184572444,"3,4,6,7,8,9,11,14","3,4,6,7,8,9,10,11,12,13,14"
186,img0025,img0025_slice0057,0.5404593187717415,0.4466984315503111,"1,3,4,6,7,8,9,10,11,13,14","1,3,4,6,7,8,9,12,13,14"
187,img0025,img0025_slice0058,0.44460726316837196,0.3720030835535065,"1,3,4,6,7,8,9,10,11,13,14","1,2,4,5,6,7,8,9,11,12,13,14"
188,img0025,img0025_slice0059,0.39437229729871004,0.34004961717138266,"1,4,6,7,8,9,10,11,12,13,14","1,2,4,6,7,8,9,12,13,14"
189,img0025,img0025_slice0060,0.5439102545980233,0.45521368661329775,"1,6,7,8,9,10,11,12,13,14","1,2,6,7,8,9,11,12,13"
190,img0025,img0025_slice0061,0.5153607005743871,0.4374838280261852,"1,6,7,8,9,10,12,13","1,6,7,8,9,10,12,14"
191,img0025,img0025_slice0062,0.42957101960410005,0.3406060066439274,"1,6,7,8,9,10,12,13","1,4,6,7,8,9,12"
192,img0025,img0025_slice0063,0.47367518489164284,0.39432117435814495,"1,6,7,8,9,10,12,13","1,6,7,8,9,12"
193,img0025,img0025_slice0064,0.41019859299982697,0.33749558072594926,"1,6,7,8,9,10,12","6,7,8,9,12"
194,img0025,img0025_slice0065,0.32206161656384863,0.2637650812939781,"1,6,7,8,9,10","5,6,7,8"
195,img0025,img0025_slice0066,0.3181607566756715,0.2675592111203097,"1,5,6,7,8,9,10","6,7,8"
196,img0025,img0025_slice0067,0.5538625462952939,0.4594484314825613,"1,5,6,7,8,9","1,5,6,7,8"
197,img0025,img0025_slice0068,0.46305443941548596,0.3806413691647749,"1,5,6,7,8,9","1,2,5,6,7,8"
198,img0025,img0025_slice0069,0.6407054498758832,0.5377794950207839,"1,5,6,7,8,9","1,5,6,7,8"
199,img0025,img0025_slice0070,0.5325438927422406,0.44212857126307786,"1,5,6,7,8,9","1,5,6,7,8"
200,img0025,img0025_slice0071,0.781612373442487,0.6612528300011986,"1,5,6,7,8,9","1,5,6,7,8,9"
201,img0025,img0025_slice0072,0.7935914451005049,0.6982527851594518,"1,5,6,7,8,9","1,5,6,7,8,9"
202,img0025,img0025_slice0073,0.7091079798306211,0.6462302979021322,"5,6,7,8,9","5,6,8,9"
203,img0025,img0025_slice0074,0.9415305902662499,0.8902168753875875,"5,6,8,9","5,6,8,9"
204,img0025,img0025_slice0075,0.8937889184741132,0.8168546335433664,"5,6,8,9","5,6,8,9"
205,img0025,img0025_slice0076,0.8832955567190415,0.7992501488432304,"5,6,8,9","5,6,8,9"
206,img0025,img0025_slice0077,0.685841464395984,0.6325809245009186,"5,6,8,9","5,6,8"
207,img0025,img0025_slice0078,0.29475675796992734,0.25913414632505377,"5,6,8,9","6,8"
208,img0025,img0025_slice0079,0.23867069485683773,0.2283236994087674,"5,8,9","5,6,8"
209,img0025,img0025_slice0080,0.46932515335983666,0.442196531766347,"5,8","5,8"
210,img0025,img0025_slice0081,0.6517993402802102,0.556022727225385,"5,8","5,8"
211,img0025,img0025_slice0082,0.4728915662508165,0.4485714285457959,"5,8",8
212,img0025,img0025_slice0083,0.48656716416458007,0.4738372092747769,"5,8","5,8"
213,img0025,img0025_slice0084,0.4750733137690594,0.4525139664551668,"5,8",8
214,img0026,img0026_slice0014,0.0,0.0,,2
215,img0026,img0026_slice0017,0.0,0.0,,
216,img0026,img0026_slice0035,0.0,0.0,,2
217,img0026,img0026_slice0040,0.0,0.0,,
218,img0026,img0026_slice0044,0.0,0.0,,"9,11,14"
219,img0026,img0026_slice0045,0.16730038022177565,0.1437908496638045,9,"6,8,9,11,14"
220,img0026,img0026_slice0046,0.44792242808213334,0.4083437606393394,"8,9","8,9,11,14"
221,img0026,img0026_slice0047,0.3654366725813504,0.3364222333615854,"8,9","2,8,9,11,14"
222,img0026,img0026_slice0048,0.37211925518095307,0.3479379891417159,"2,8,9","2,8,9,11,14"
223,img0026,img0026_slice0049,0.32059211517415503,0.303333855453548,"2,8,9","2,3,8,9,11,14"
224,img0026,img0026_slice0050,0.40166568397631125,0.3571339909317364,"2,3,8,9","2,3,8,9,11,14"
225,img0026,img0026_slice0051,0.3251742195843584,0.28283091579906006,"2,3,8,9","2,3,8,9,11,14"
226,img0026,img0026_slice0052,0.4554858107703059,0.4180092937264837,"2,3,8,9,14","2,3,8,9,11,14"
227,img0026,img0026_slice0053,0.553780795966655,0.5122183150648858,"2,3,8,9,14","2,3,8,9,14"
228,img0026,img0026_slice0054,0.6834413518330649,0.6083301648500459,"2,3,8,9,14","2,3,8,9,14"
229,img0026,img0026_slice0055,0.4804026965585131,0.4083253838687729,"2,3,8,9,11,14","2,3,8,9,11,14"
230,img0026,img0026_slice0056,0.4463199915803099,0.3487363314662479,"2,3,8,9,11,14","2,3,7,8,9,11,14"
231,img0026,img0026_slice0057,0.6073116360592876,0.47423718049958574,"2,3,8,9,11,14","2,3,8,9,11,14"
232,img0026,img0026_slice0058,0.5030749539028279,0.41128008277089345,"2,3,7,8,9,11,14","2,3,7,8,9,11,14"
233,img0026,img0026_slice0059,0.5103136696745992,0.40895356298448066,"2,3,7,8,9,11,14","3,8,9,11,14"
234,img0026,img0026_slice0060,0.569032632359665,0.48537368372094697,"2,3,7,8,9,11,14","3,8,9,11,14"
235,img0026,img0026_slice0061,0.5923749746833231,0.5010553661890665,"2,3,7,8,9,11,14","3,7,8,9,10,11,14"
236,img0026,img0026_slice0062,0.3385051919535401,0.2746908554655015,"2,3,6,7,8,9,11,14","1,3,7,8,9,10,11,14"
237,img0026,img0026_slice0063,0.5473010905615657,0.45577799358683607,"2,3,4,6,7,8,9,11,14","2,3,6,7,8,9,10,11,14"
238,img0026,img0026_slice0064,0.6698905948925962,0.5779444836941178,"2,3,4,6,7,8,9,10,11,14","2,3,4,6,7,8,9,10,11,14"
239,img0026,img0026_slice0065,0.7107872520784508,0.6170459066130776,"2,3,4,6,7,8,9,10,11,14","2,3,4,6,7,8,9,10,11,12,14"
240,img0026,img0026_slice0066,0.668685328101093,0.5700497034348666,"1,2,3,4,6,7,8,9,10,11,13,14","1,2,3,4,6,7,8,9,10,11,12,13,14"
241,img0026,img0026_slice0067,0.7631559752160656,0.6466169285514716,"1,2,3,4,6,7,8,9,10,11,12,13,14","1,2,3,4,6,7,8,9,10,11,12,13,14"
242,img0026,img0026_slice0068,0.6275559515266058,0.5090397792193161,"1,2,3,4,6,7,8,9,10,11,12,13,14","1,2,3,4,6,7,8,9,10,11,12,13,14"
243,img0026,img0026_slice0069,0.6611795466154248,0.5756182388876597,"1,3,4,6,7,8,9,10,11,12,13","1,3,4,6,7,8,9,10,11,12,13,14"
244,img0026,img0026_slice0070,0.6607433406494588,0.5883717101854691,"1,3,4,6,7,8,9,10,11,12,13","1,3,4,6,7,8,9,10,11,12,13"
245,img0026,img0026_slice0071,0.6517703778583613,0.5802510356483436,"1,3,6,7,8,9,10,11,12,13","1,3,6,7,8,9,10,11,12,13,14"
246,img0026,img0026_slice0072,0.8105613160879289,0.70578898030141,"1,3,6,7,8,9,10,12,13","1,3,6,7,8,9,10,12,13"
247,img0026,img0026_slice0073,0.7235759951178778,0.6182197050688563,"1,3,6,7,8,9,10,12,13","1,6,7,8,9,10,12,13"
248,img0026,img0026_slice0074,0.5955169475869196,0.5279288420895779,"1,3,6,7,8,9,10,12,13","1,6,7,8,9,10,12,13"
249,img0026,img0026_slice0075,0.6250798298626314,0.5571545845622219,"1,6,7,8,9,10,12,13","1,6,7,8,9,10,12"
250,img0026,img0026_slice0076,0.7511205929243909,0.6877346581703794,"1,6,7,8,9,10","1,5,6,7,8,9,10"
251,img0026,img0026_slice0077,0.7223175094841181,0.6408490475519487,"1,5,6,7,8,9,10","1,5,6,7,8,9,10,12"
252,img0026,img0026_slice0078,0.8026790523254789,0.7032240376153431,"1,5,6,7,8,9,10","1,5,6,7,8,9,10"
253,img0026,img0026_slice0079,0.7065374858818222,0.5931684232420611,"1,5,6,7,8,9","1,5,6,7,8,9"
254,img0026,img0026_slice0080,0.8463837937883539,0.7476020907282486,"1,5,6,7,8,9","1,5,6,7,8,9"
255,img0026,img0026_slice0081,0.8957235395586185,0.8274850299760352,"1,5,6,7,8,9","1,5,6,7,8,9"
256,img0026,img0026_slice0082,0.764416947864932,0.6846012798756306,"1,5,6,7,8,9","1,5,6,7,8,9"
257,img0026,img0026_slice0083,0.8262994769937535,0.7137187238271765,"5,6,8,9","5,6,8,9"
258,img0026,img0026_slice0084,0.864998045144759,0.7758005387317769,"5,6,8,9","5,6,8,9"
259,img0026,img0026_slice0085,0.7963252674754513,0.6862457764234545,"5,6,8,9","5,6,8,9"
260,img0026,img0026_slice0086,0.7129599555156854,0.6226397427586327,"5,6,8,9","5,6,8,9"
261,img0026,img0026_slice0087,0.8835794890771993,0.8017500331348679,"5,8,9","5,8,9"
262,img0026,img0026_slice0088,0.8419186939450526,0.7415441757113509,"5,8,9","5,8,9"
263,img0026,img0026_slice0089,0.8239442465347272,0.7154902168429818,"5,8,9","5,8,9"
264,img0026,img0026_slice0090,0.8720369765323331,0.7801582992900883,"5,8,9","5,8,9"
265,img0026,img0026_slice0091,0.8606452301345483,0.7627156125103718,"5,8,9","5,8,9"
266,img0026,img0026_slice0092,0.7062370773928764,0.6011714954822961,"5,8,9","5,8,9"
267,img0026,img0026_slice0093,0.5955311869572322,0.4741252078322222,"5,8,9","5,8,9"
268,img0026,img0026_slice0094,0.5483254800446536,0.4723079863317539,"5,8","5,8,9"
269,img0026,img0026_slice0095,0.5496855076702624,0.4691546811864349,"5,8","5,8,9"
270,img0026,img0026_slice0096,0.9064887266554131,0.8324177247481849,"5,8","5,8"
271,img0026,img0026_slice0097,0.8054418255500037,0.6878083524038041,"5,8","5,8"
272,img0026,img0026_slice0098,0.7612647120004549,0.614651416086603,"5,8","5,8"
273,img0026,img0026_slice0099,0.7285696616143102,0.5732757866548333,"5,8","5,8"
274,img0026,img0026_slice0100,0.7873951711403309,0.6495610250958258,"5,8","5,8"
275,img0026,img0026_slice0101,0.8291317051092546,0.7221763085191992,"5,8","5,8"
276,img0026,img0026_slice0102,0.8271090155791168,0.7234939935129163,"5,8","5,8"
277,img0026,img0026_slice0103,0.6923935504180534,0.5295165843183605,"5,8","5,8"
278,img0026,img0026_slice0104,0.6070369356959211,0.4547511829298574,"5,8","5,8"
279,img0026,img0026_slice0105,0.6382385138048348,0.5168661141920692,"5,8","5,8"
280,img0026,img0026_slice0106,0.6513047186437362,0.5055550194480227,"5,8","5,8"
281,img0026,img0026_slice0107,0.43750742324913955,0.3388190153866619,"5,8","5,6,8"
282,img0026,img0026_slice0108,0.6541520509575179,0.5402257887318889,"5,8","5,8"
283,img0026,img0026_slice0109,0.6935843888925781,0.5377709003111646,"5,8","5,8"
284,img0026,img0026_slice0110,0.66421393414101,0.5604985793170549,"5,8","5,8"
285,img0026,img0026_slice0111,0.6728454614315484,0.5701573581446743,"5,8","5,8"
286,img0026,img0026_slice0112,0.6319098918532684,0.5356529879767178,"5,8","5,8"
287,img0026,img0026_slice0113,0.752732871421118,0.6400030366476265,"5,8","5,8"
288,img0026,img0026_slice0114,0.833037446814493,0.7138612660257431,"5,8","5,8"
289,img0026,img0026_slice0115,0.7835041296226506,0.6441364482393538,"5,8","5,8"
290,img0026,img0026_slice0116,0.7299270072459907,0.5747126436121021,5,5
291,img0026,img0026_slice0117,0.38124999997617187,0.30808080804968885,5,"5,6"
292,img0026,img0026_slice0118,0.6607142856847895,0.49333333330044443,5,5
293,img0026,img0026_slice0119,0.39634146339046694,0.3282828282496684,5,"5,6"
294,img0026,img0026_slice0120,0.7499999999278847,0.5999999999076924,5,5
295,img0026,img0026_slice0121,0.0,0.0,5,6
296,img0026,img0026_slice0122,0.0,0.0,5,
297,img0026,img0026_slice0123,0.0,0.0,5,
298,img0028,img0028_slice0004,0.0,0.0,,
299,img0028,img0028_slice0017,0.0,0.0,,
300,img0028,img0028_slice0020,0.0,0.0,,2
301,img0028,img0028_slice0025,0.0,0.0,,6
302,img0028,img0028_slice0036,0.0,0.0,6,9
303,img0028,img0028_slice0037,0.0,0.0,6,9
304,img0028,img0028_slice0038,0.0,0.0,6,9
305,img0028,img0028_slice0039,0.42398777692571443,0.36803713527363346,6,"6,9"
306,img0028,img0028_slice0040,0.3991116751243711,0.3321013727525649,6,"6,9"
307,img0028,img0028_slice0041,0.19590075512278815,0.13871066299903415,6,"6,8,9"
308,img0028,img0028_slice0042,0.6409750253401023,0.5643730065012736,"2,6,8,9","2,6,8"
309,img0028,img0028_slice0043,0.7188164575427664,0.6575895438736211,"2,6,8,9,14","2,6,8,9"
310,img0028,img0028_slice0044,0.3288786789566202,0.31038920526401753,"2,6,8,9,14","2,6,9,11"
311,img0028,img0028_slice0045,0.4196809662337188,0.37644077937233655,"2,6,8,9,14","2,6,9,11"
312,img0028,img0028_slice0046,0.6114915903068445,0.5156288841864958,"2,6,8,9,14","2,6,8,9,11,14"
313,img0028,img0028_slice0047,0.7125385613545294,0.6335604057918152,"2,6,8,9,14","2,6,8,9,11,14"
314,img0028,img0028_slice0048,0.7084208096171835,0.6308313960339287,"2,3,6,8,9,14","2,3,6,8,9,11,14"
315,img0028,img0028_slice0049,0.6889988382918745,0.6329158753416276,"2,3,6,8,9,14","2,3,6,8,9,11,14"
316,img0028,img0028_slice0050,0.7066734869637548,0.6428783383224976,"2,3,6,8,9,11,14","2,3,6,9,11,14"
317,img0028,img0028_slice0051,0.7522058239464791,0.672269673653868,"2,3,4,6,8,9,11,14","2,3,4,6,9,11,14"
318,img0028,img0028_slice0052,0.6760972806929917,0.6119758213800399,"2,3,4,6,8,9,11,14","2,3,4,6,9,11,12,14"
319,img0028,img0028_slice0053,0.6454736409895004,0.5965552873382818,"2,3,4,6,8,9,11,14","2,3,4,6,8,9,10,11,12,14"
320,img0028,img0028_slice0054,0.5730265776582217,0.4991739276079075,"2,3,4,6,8,9,11,14","2,3,4,6,9,10,11,12,14"
321,img0028,img0028_slice0055,0.6497144279103045,0.5870013856912092,"2,3,4,6,8,9,11,14","2,3,4,6,8,9,10,11,14"
322,img0028,img0028_slice0056,0.6561557868753849,0.5631895247973766,"2,3,4,6,7,8,9,11,14","2,3,4,6,8,9,11,14"
323,img0028,img0028_slice0057,0.6070320093101375,0.5163454017064042,"2,3,4,6,7,8,9,11,14","2,3,4,6,7,8,9,10,11,14"
324,img0028,img0028_slice0058,0.5290152318230616,0.4458882969991618,"2,3,4,6,7,8,9,11,14","2,3,4,6,7,8,9,10,11,12,14"
325,img0028,img0028_slice0059,0.6920079538098631,0.584521775303132,"2,3,4,6,7,8,9,10,11,14","2,3,4,6,7,8,9,10,11,12,14"
326,img0028,img0028_slice0060,0.6815172260042605,0.5778138020744604,"2,3,4,6,7,8,9,10,11,14","2,3,4,6,7,8,9,10,11,12,14"
327,img0028,img0028_slice0061,0.5844674105792144,0.5057702425737917,"2,3,4,6,7,8,9,10,11,14","2,3,4,6,7,8,9,10,11,12,13,14"
328,img0028,img0028_slice0062,0.6415709970013884,0.5449091111292244,"1,2,3,4,6,7,8,9,10,11,12,13,14","1,3,4,6,7,8,9,10,11,12,13,14"
329,img0028,img0028_slice0063,0.7073234907558099,0.6183016045117845,"1,3,4,6,7,8,9,10,11,12,13,14","1,3,4,6,8,9,10,11,12,13,14"
330,img0028,img0028_slice0064,0.7331771639099205,0.658234520593926,"1,3,6,7,8,9,10,11,12,13","1,3,4,6,7,8,9,10,11,12,13"
331,img0028,img0028_slice0065,0.6753121653522878,0.5895656660762818,"1,3,6,7,8,9,10,11,12,13","1,3,4,6,7,8,9,10,11,12,13,14"
332,img0028,img0028_slice0066,0.6247102790188199,0.5317379089039047,"1,3,6,7,8,9,10,11,12,13","1,4,6,7,8,9,10,11,12,13"
333,img0028,img0028_slice0067,0.4937459778789312,0.42565774097702586,"1,6,7,8,9,10,11,12,13","1,2,4,6,7,8,9,10,11,13"
334,img0028,img0028_slice0068,0.4942889427033653,0.42834592553344075,"1,6,7,8,9,10,12,13","1,2,4,6,7,8,9,10,13"
335,img0028,img0028_slice0069,0.49056044215404676,0.4337478924544624,"1,6,7,8,9,10,12,13","1,4,6,7,8,9,10,13,14"
336,img0028,img0028_slice0070,0.543443070712934,0.48828054126591375,"1,6,7,8,9,10,12","1,4,6,7,8,9,10,13"
337,img0028,img0028_slice0071,0.6092794678758753,0.5554400797230756,"1,6,7,8,9,10","1,4,6,7,8,9,10,13"
338,img0028,img0028_slice0072,0.560618617104589,0.49873892723925256,"1,5,6,7,8,9","1,4,5,6,7,8,9,10,13"
339,img0028,img0028_slice0073,0.6678257077427703,0.6083288373182467,"1,5,6,7,8,9","1,4,5,6,7,8,9,10"
340,img0028,img0028_slice0074,0.6722315031953672,0.6153123357788406,"1,5,6,7,8,9","1,4,5,6,7,8,9,10"
341,img0028,img0028_slice0075,0.6624983173974917,0.5987915217982048,"1,5,6,7,8,9","1,4,5,6,7,8,9,10"
342,img0028,img0028_slice0076,0.6850538207460191,0.6344703580658333,"1,5,6,7,8,9","1,4,5,6,7,8,9,10"
343,img0028,img0028_slice0077,0.6841121299955712,0.6325512883367767,"1,5,6,7,8,9","1,4,5,6,7,8,9,10"
344,img0028,img0028_slice0078,0.7709713672989044,0.7024313711456756,"1,5,6,7,8,9","1,5,6,7,8,9,10"
345,img0028,img0028_slice0079,0.8235330377769833,0.7632680888460761,"5,6,7,8,9","5,6,7,8,9"
346,img0028,img0028_slice0080,0.93417831845733,0.8786149214145477,"5,6,8,9","5,6,8,9"
347,img0028,img0028_slice0081,0.917885715701461,0.8556230165090538,"5,6,8,9","5,6,8,9"
348,img0028,img0028_slice0082,0.9312293163206473,0.8728322523850254,"5,6,8,9","5,6,8,9"
349,img0028,img0028_slice0083,0.8807051072019971,0.7930588989621397,"5,6,8,9","5,6,8,9"
350,img0028,img0028_slice0084,0.8578015106383573,0.7685479389888905,"5,8,9","5,8,9"
351,img0028,img0028_slice0085,0.9094060760300152,0.8402093595132921,"5,8","5,8"
352,img0028,img0028_slice0086,0.9057142856449945,0.8312841528953037,"5,8","5,8"
353,img0028,img0028_slice0087,0.9336687361033766,0.8762556503061809,"5,8","5,8"
354,img0028,img0028_slice0088,0.9113468799910294,0.8401215804395052,"5,8","5,8"
355,img0074,img0074_slice0012,0.0,0.0,,
356,img0074,img0074_slice0026,0.0,0.0,,
357,img0074,img0074_slice0030,0.0,0.0,,
358,img0074,img0074_slice0045,0.3636363636169178,0.2857142856902761,3,"3,9"
359,img0074,img0074_slice0046,0.8001491424135674,0.6760416666416973,"3,14","3,14"
360,img0074,img0074_slice0047,0.7643988847977705,0.6573480788795216,"3,14","3,14"
361,img0074,img0074_slice0048,0.12410443229940799,0.07666001766917246,"1,3,14","3,6,7,11,14"
362,img0074,img0074_slice0049,0.2302276842010702,0.1493795441756544,"1,3,14","1,3,6,9,14"
363,img0074,img0074_slice0050,0.07458785685519952,0.04804454804417474,"1,3,11,14","2,3,6,14"
364,img0074,img0074_slice0051,0.15748383248777023,0.10302422227396643,"1,3,11,14","1,3,6,11,14"
365,img0074,img0074_slice0052,0.4254446422640571,0.3327044777843514,"1,3,11,14","1,3,6,11,14"
366,img0074,img0074_slice0053,0.41572358008055765,0.3450600646427201,"1,3,7,11,14","1,2,3,6,7,9,11,14"
367,img0074,img0074_slice0054,0.5614332944722558,0.4734413881819229,"1,3,7,11,14","1,2,3,7,9,11,14"
368,img0074,img0074_slice0055,0.4437971625159872,0.38216633262136984,"1,3,7,11,14","1,2,3,6,7,9,10,11,14"
369,img0074,img0074_slice0056,0.5447495510735871,0.48930987623917277,"1,3,7,11,14","1,2,3,7,9,10,11,14"
370,img0074,img0074_slice0057,0.44511178124709616,0.38220482184261295,"1,3,7,11,14","1,2,3,6,7,10,11,13,14"
371,img0074,img0074_slice0058,0.5093506343468791,0.4479670368529401,"1,3,6,7,11,14","1,2,3,6,7,9,10,11,14"
372,img0074,img0074_slice0059,0.44950102590787694,0.3987113631503419,"1,3,4,6,7,11,14","1,2,3,6,7,9,10,11,13,14"
373,img0074,img0074_slice0060,0.5378110554013861,0.48080905228900334,"1,3,4,6,7,11,14","1,2,3,4,6,7,9,10,11,13,14"
374,img0074,img0074_slice0061,0.5599060066617754,0.5136470472544689,"1,3,4,6,7,11,14","1,2,3,4,6,7,9,10,11,13,14"
375,img0074,img0074_slice0062,0.4411307537647506,0.4039497787105564,"1,3,4,6,7,14","1,2,3,4,6,7,9,10,11,12,13,14"
376,img0074,img0074_slice0063,0.38324915730294734,0.35825241693557625,"1,3,4,6,7","1,2,3,4,6,7,9,10,11,12,13,14"
377,img0074,img0074_slice0064,0.2429526085803461,0.22670127516201918,"1,3,6,7","1,2,3,4,6,7,9,10,11,12,13,14"
378,img0074,img0074_slice0065,0.3595847103811243,0.34548510598272786,"1,3,6,7","1,2,6,7,9,10,12"
379,img0074,img0074_slice0066,0.4115462581578466,0.39594958634939387,"1,5,6,7","1,6,7,9,10,12"
380,img0074,img0074_slice0067,0.5018634168504086,0.46464542801443637,"1,5,6,7","1,5,6,7,9,10,12"
381,img0074,img0074_slice0068,0.6906972617816386,0.6360394221907588,"1,5,6,7","1,5,6,7,9"
382,img0074,img0074_slice0069,0.5292061581332563,0.4483956054317967,"1,5,6,7","1,5,6,7,9"
383,img0074,img0074_slice0070,0.509088971702453,0.4495869643241209,"1,5,6,7","1,5,6,7,9"
384,img0074,img0074_slice0071,0.8925776486799878,0.812021795102668,"1,5,6,7","1,5,6,7"
385,img0074,img0074_slice0072,0.8790819223217052,0.8010990857236768,"1,5,6,7","1,5,6,7"
386,img0074,img0074_slice0073,0.9036289734786196,0.8278515375196738,"5,6","5,6"
387,img0074,img0074_slice0074,0.6069281641751664,0.5600982679606744,"5,6","5,6,9"
388,img0074,img0074_slice0075,0.6160077936545874,0.5753256345502576,"5,6","5,6,9"
389,img0074,img0074_slice0076,0.6211812444554803,0.5831005761950395,"5,6","5,6,9"
390,img0074,img0074_slice0077,0.5815212592157931,0.5200459702282672,"5,6","5,6,9"
391,img0074,img0074_slice0078,0.5280795789021462,0.4540322580328011,"5,6","5,6,9"
392,img0074,img0074_slice0084,0.0,0.0,,"1,5,6,8"
393,img0074,img0074_slice0085,0.0,0.0,,"2,5,8"
