index,case_id,slice_id,pred_path,overlay_path
0,img0002,img0002_slice0006,/Users/brian/Desktop/VCL318/TransU-Net/TransUnet vs. Unet/TransUnet for MultiOrgan Seg/output/final_output/predictions/img0002_img0002_slice0006_pred.npy,/Users/brian/Desktop/VCL318/TransU-Net/TransUnet vs. Unet/TransUnet for MultiOrgan Seg/output/final_output/overlays/img0002_img0002_slice0006_overlay.png
1,img0002,img0002_slice0008,/Users/brian/Desktop/VCL318/TransU-Net/TransUnet vs. Unet/TransUnet for MultiOrgan Seg/output/final_output/predictions/img0002_img0002_slice0008_pred.npy,/Users/brian/Desktop/VCL318/TransU-Net/TransUnet vs. Unet/TransUnet for MultiOrgan Seg/output/final_output/overlays/img0002_img0002_slice0008_overlay.png
2,img0002,img0002_slice0028,/Users/brian/Desktop/VCL318/TransU-Net/TransUnet vs. Unet/TransUnet for MultiOrgan Seg/output/final_output/predictions/img0002_img0002_slice0028_pred.npy,/Users/brian/Desktop/VCL318/TransU-Net/TransUnet vs. Unet/TransUnet for MultiOrgan Seg/output/final_output/overlays/img0002_img0002_slice0028_overlay.png
3,img0002,img0002_slice0043,/Users/brian/Desktop/VCL318/TransU-Net/TransUnet vs. Unet/TransUnet for MultiOrgan Seg/output/final_output/predictions/img0002_img0002_slice0043_pred.npy,/Users/brian/Desktop/VCL318/TransU-Net/TransUnet vs. Unet/TransUnet for MultiOrgan Seg/output/final_output/overlays/img0002_img0002_slice0043_overlay.png
4,img0002,img0002_slice0047,/Users/brian/Desktop/VCL318/TransU-Net/TransUnet vs. Unet/TransUnet for MultiOrgan Seg/output/final_output/predictions/img0002_img0002_slice0047_pred.npy,/Users/brian/Desktop/VCL318/TransU-Net/TransUnet vs. Unet/TransUnet for MultiOrgan Seg/output/final_output/overlays/img0002_img0002_slice0047_overlay.png
5,img0002,img0002_slice0061,/Users/brian/Desktop/VCL318/TransU-Net/TransUnet vs. Unet/TransUnet for MultiOrgan Seg/output/final_output/predictions/img0002_img0002_slice0061_pred.npy,/Users/brian/Desktop/VCL318/TransU-Net/TransUnet vs. Unet/TransUnet for MultiOrgan Seg/output/final_output/overlays/img0002_img0002_slice0061_overlay.png
6,img0002,img0002_slice0064,/Users/brian/Desktop/VCL318/TransU-Net/TransUnet vs. Unet/TransUnet for MultiOrgan Seg/output/final_output/predictions/img0002_img0002_slice0064_pred.npy,/Users/brian/Desktop/VCL318/TransU-Net/TransUnet vs. Unet/TransUnet for MultiOrgan Seg/output/final_output/overlays/img0002_img0002_slice0064_overlay.png
7,img0002,img0002_slice0065,/Users/brian/Desktop/VCL318/TransU-Net/TransUnet vs. Unet/TransUnet for MultiOrgan Seg/output/final_output/predictions/img0002_img0002_slice0065_pred.npy,/Users/brian/Desktop/VCL318/TransU-Net/TransUnet vs. Unet/TransUnet for MultiOrgan Seg/output/final_output/overlays/img0002_img0002_slice0065_overlay.png
8,img0002,img0002_slice0066,/Users/brian/Desktop/VCL318/TransU-Net/TransUnet vs. Unet/TransUnet for MultiOrgan Seg/output/final_output/predictions/img0002_img0002_slice0066_pred.npy,/Users/brian/Desktop/VCL318/TransU-Net/TransUnet vs. Unet/TransUnet for MultiOrgan Seg/output/final_output/overlays/img0002_img0002_slice0066_overlay.png
9,img0002,img0002_slice0067,/Users/brian/Desktop/VCL318/TransU-Net/TransUnet vs. Unet/TransUnet for MultiOrgan Seg/output/final_output/predictions/img0002_img0002_slice0067_pred.npy,/Users/brian/Desktop/VCL318/TransU-Net/TransUnet vs. Unet/TransUnet for MultiOrgan Seg/output/final_output/overlays/img0002_img0002_slice0067_overlay.png
10,img0002,img0002_slice0068,/Users/brian/Desktop/VCL318/TransU-Net/TransUnet vs. Unet/TransUnet for MultiOrgan Seg/output/final_output/predictions/img0002_img0002_slice0068_pred.npy,/Users/brian/Desktop/VCL318/TransU-Net/TransUnet vs. Unet/TransUnet for MultiOrgan Seg/output/final_output/overlays/img0002_img0002_slice0068_overlay.png
11,img0002,img0002_slice0069,/Users/brian/Desktop/VCL318/TransU-Net/TransUnet vs. Unet/TransUnet for MultiOrgan Seg/output/final_output/predictions/img0002_img0002_slice0069_pred.npy,/Users/brian/Desktop/VCL318/TransU-Net/TransUnet vs. Unet/TransUnet for MultiOrgan Seg/output/final_output/overlays/img0002_img0002_slice0069_overlay.png
12,img0002,img0002_slice0070,/Users/brian/Desktop/VCL318/TransU-Net/TransUnet vs. Unet/TransUnet for MultiOrgan Seg/output/final_output/predictions/img0002_img0002_slice0070_pred.npy,/Users/brian/Desktop/VCL318/TransU-Net/TransUnet vs. Unet/TransUnet for MultiOrgan Seg/output/final_output/overlays/img0002_img0002_slice0070_overlay.png
13,img0002,img0002_slice0071,/Users/brian/Desktop/VCL318/TransU-Net/TransUnet vs. Unet/TransUnet for MultiOrgan Seg/output/final_output/predictions/img0002_img0002_slice0071_pred.npy,/Users/brian/Desktop/VCL318/TransU-Net/TransUnet vs. Unet/TransUnet for MultiOrgan Seg/output/final_output/overlays/img0002_img0002_slice0071_overlay.png
14,img0002,img0002_slice0072,/Users/brian/Desktop/VCL318/TransU-Net/TransUnet vs. Unet/TransUnet for MultiOrgan Seg/output/final_output/predictions/img0002_img0002_slice0072_pred.npy,/Users/brian/Desktop/VCL318/TransU-Net/TransUnet vs. Unet/TransUnet for MultiOrgan Seg/output/final_output/overlays/img0002_img0002_slice0072_overlay.png
15,img0002,img0002_slice0073,/Users/brian/Desktop/VCL318/TransU-Net/TransUnet vs. Unet/TransUnet for MultiOrgan Seg/output/final_output/predictions/img0002_img0002_slice0073_pred.npy,/Users/brian/Desktop/VCL318/TransU-Net/TransUnet vs. Unet/TransUnet for MultiOrgan Seg/output/final_output/overlays/img0002_img0002_slice0073_overlay.png
16,img0002,img0002_slice0074,/Users/brian/Desktop/VCL318/TransU-Net/TransUnet vs. Unet/TransUnet for MultiOrgan Seg/output/final_output/predictions/img0002_img0002_slice0074_pred.npy,/Users/brian/Desktop/VCL318/TransU-Net/TransUnet vs. Unet/TransUnet for MultiOrgan Seg/output/final_output/overlays/img0002_img0002_slice0074_overlay.png
17,img0002,img0002_slice0075,/Users/brian/Desktop/VCL318/TransU-Net/TransUnet vs. Unet/TransUnet for MultiOrgan Seg/output/final_output/predictions/img0002_img0002_slice0075_pred.npy,/Users/brian/Desktop/VCL318/TransU-Net/TransUnet vs. Unet/TransUnet for MultiOrgan Seg/output/final_output/overlays/img0002_img0002_slice0075_overlay.png
18,img0002,img0002_slice0076,/Users/brian/Desktop/VCL318/TransU-Net/TransUnet vs. Unet/TransUnet for MultiOrgan Seg/output/final_output/predictions/img0002_img0002_slice0076_pred.npy,/Users/brian/Desktop/VCL318/TransU-Net/TransUnet vs. Unet/TransUnet for MultiOrgan Seg/output/final_output/overlays/img0002_img0002_slice0076_overlay.png
19,img0002,img0002_slice0077,/Users/brian/Desktop/VCL318/TransU-Net/TransUnet vs. Unet/TransUnet for MultiOrgan Seg/output/final_output/predictions/img0002_img0002_slice0077_pred.npy,/Users/brian/Desktop/VCL318/TransU-Net/TransUnet vs. Unet/TransUnet for MultiOrgan Seg/output/final_output/overlays/img0002_img0002_slice0077_overlay.png
20,img0002,img0002_slice0078,/Users/brian/Desktop/VCL318/TransU-Net/TransUnet vs. Unet/TransUnet for MultiOrgan Seg/output/final_output/predictions/img0002_img0002_slice0078_pred.npy,/Users/brian/Desktop/VCL318/TransU-Net/TransUnet vs. Unet/TransUnet for MultiOrgan Seg/output/final_output/overlays/img0002_img0002_slice0078_overlay.png
21,img0002,img0002_slice0079,/Users/brian/Desktop/VCL318/TransU-Net/TransUnet vs. Unet/TransUnet for MultiOrgan Seg/output/final_output/predictions/img0002_img0002_slice0079_pred.npy,/Users/brian/Desktop/VCL318/TransU-Net/TransUnet vs. Unet/TransUnet for MultiOrgan Seg/output/final_output/overlays/img0002_img0002_slice0079_overlay.png
22,img0002,img0002_slice0080,/Users/brian/Desktop/VCL318/TransU-Net/TransUnet vs. Unet/TransUnet for MultiOrgan Seg/output/final_output/predictions/img0002_img0002_slice0080_pred.npy,/Users/brian/Desktop/VCL318/TransU-Net/TransUnet vs. Unet/TransUnet for MultiOrgan Seg/output/final_output/overlays/img0002_img0002_slice0080_overlay.png
23,img0002,img0002_slice0081,/Users/brian/Desktop/VCL318/TransU-Net/TransUnet vs. Unet/TransUnet for MultiOrgan Seg/output/final_output/predictions/img0002_img0002_slice0081_pred.npy,/Users/brian/Desktop/VCL318/TransU-Net/TransUnet vs. Unet/TransUnet for MultiOrgan Seg/output/final_output/overlays/img0002_img0002_slice0081_overlay.png
24,img0002,img0002_slice0082,/Users/brian/Desktop/VCL318/TransU-Net/TransUnet vs. Unet/TransUnet for MultiOrgan Seg/output/final_output/predictions/img0002_img0002_slice0082_pred.npy,/Users/brian/Desktop/VCL318/TransU-Net/TransUnet vs. Unet/TransUnet for MultiOrgan Seg/output/final_output/overlays/img0002_img0002_slice0082_overlay.png
25,img0002,img0002_slice0083,/Users/brian/Desktop/VCL318/TransU-Net/TransUnet vs. Unet/TransUnet for MultiOrgan Seg/output/final_output/predictions/img0002_img0002_slice0083_pred.npy,/Users/brian/Desktop/VCL318/TransU-Net/TransUnet vs. Unet/TransUnet for MultiOrgan Seg/output/final_output/overlays/img0002_img0002_slice0083_overlay.png
26,img0002,img0002_slice0084,/Users/brian/Desktop/VCL318/TransU-Net/TransUnet vs. Unet/TransUnet for MultiOrgan Seg/output/final_output/predictions/img0002_img0002_slice0084_pred.npy,/Users/brian/Desktop/VCL318/TransU-Net/TransUnet vs. Unet/TransUnet for MultiOrgan Seg/output/final_output/overlays/img0002_img0002_slice0084_overlay.png
27,img0002,img0002_slice0085,/Users/brian/Desktop/VCL318/TransU-Net/TransUnet vs. Unet/TransUnet for MultiOrgan Seg/output/final_output/predictions/img0002_img0002_slice0085_pred.npy,/Users/brian/Desktop/VCL318/TransU-Net/TransUnet vs. Unet/TransUnet for MultiOrgan Seg/output/final_output/overlays/img0002_img0002_slice0085_overlay.png
28,img0002,img0002_slice0086,/Users/brian/Desktop/VCL318/TransU-Net/TransUnet vs. Unet/TransUnet for MultiOrgan Seg/output/final_output/predictions/img0002_img0002_slice0086_pred.npy,/Users/brian/Desktop/VCL318/TransU-Net/TransUnet vs. Unet/TransUnet for MultiOrgan Seg/output/final_output/overlays/img0002_img0002_slice0086_overlay.png
29,img0002,img0002_slice0087,/Users/brian/Desktop/VCL318/TransU-Net/TransUnet vs. Unet/TransUnet for MultiOrgan Seg/output/final_output/predictions/img0002_img0002_slice0087_pred.npy,/Users/brian/Desktop/VCL318/TransU-Net/TransUnet vs. Unet/TransUnet for MultiOrgan Seg/output/final_output/overlays/img0002_img0002_slice0087_overlay.png
30,img0002,img0002_slice0088,/Users/brian/Desktop/VCL318/TransU-Net/TransUnet vs. Unet/TransUnet for MultiOrgan Seg/output/final_output/predictions/img0002_img0002_slice0088_pred.npy,/Users/brian/Desktop/VCL318/TransU-Net/TransUnet vs. Unet/TransUnet for MultiOrgan Seg/output/final_output/overlays/img0002_img0002_slice0088_overlay.png
31,img0002,img0002_slice0089,/Users/brian/Desktop/VCL318/TransU-Net/TransUnet vs. Unet/TransUnet for MultiOrgan Seg/output/final_output/predictions/img0002_img0002_slice0089_pred.npy,/Users/brian/Desktop/VCL318/TransU-Net/TransUnet vs. Unet/TransUnet for MultiOrgan Seg/output/final_output/overlays/img0002_img0002_slice0089_overlay.png
32,img0002,img0002_slice0090,/Users/brian/Desktop/VCL318/TransU-Net/TransUnet vs. Unet/TransUnet for MultiOrgan Seg/output/final_output/predictions/img0002_img0002_slice0090_pred.npy,/Users/brian/Desktop/VCL318/TransU-Net/TransUnet vs. Unet/TransUnet for MultiOrgan Seg/output/final_output/overlays/img0002_img0002_slice0090_overlay.png
33,img0002,img0002_slice0091,/Users/brian/Desktop/VCL318/TransU-Net/TransUnet vs. Unet/TransUnet for MultiOrgan Seg/output/final_output/predictions/img0002_img0002_slice0091_pred.npy,/Users/brian/Desktop/VCL318/TransU-Net/TransUnet vs. Unet/TransUnet for MultiOrgan Seg/output/final_output/overlays/img0002_img0002_slice0091_overlay.png
34,img0002,img0002_slice0092,/Users/brian/Desktop/VCL318/TransU-Net/TransUnet vs. Unet/TransUnet for MultiOrgan Seg/output/final_output/predictions/img0002_img0002_slice0092_pred.npy,/Users/brian/Desktop/VCL318/TransU-Net/TransUnet vs. Unet/TransUnet for MultiOrgan Seg/output/final_output/overlays/img0002_img0002_slice0092_overlay.png
35,img0002,img0002_slice0093,/Users/brian/Desktop/VCL318/TransU-Net/TransUnet vs. Unet/TransUnet for MultiOrgan Seg/output/final_output/predictions/img0002_img0002_slice0093_pred.npy,/Users/brian/Desktop/VCL318/TransU-Net/TransUnet vs. Unet/TransUnet for MultiOrgan Seg/output/final_output/overlays/img0002_img0002_slice0093_overlay.png
36,img0002,img0002_slice0094,/Users/brian/Desktop/VCL318/TransU-Net/TransUnet vs. Unet/TransUnet for MultiOrgan Seg/output/final_output/predictions/img0002_img0002_slice0094_pred.npy,/Users/brian/Desktop/VCL318/TransU-Net/TransUnet vs. Unet/TransUnet for MultiOrgan Seg/output/final_output/overlays/img0002_img0002_slice0094_overlay.png
37,img0002,img0002_slice0095,/Users/brian/Desktop/VCL318/TransU-Net/TransUnet vs. Unet/TransUnet for MultiOrgan Seg/output/final_output/predictions/img0002_img0002_slice0095_pred.npy,/Users/brian/Desktop/VCL318/TransU-Net/TransUnet vs. Unet/TransUnet for MultiOrgan Seg/output/final_output/overlays/img0002_img0002_slice0095_overlay.png
38,img0002,img0002_slice0096,/Users/brian/Desktop/VCL318/TransU-Net/TransUnet vs. Unet/TransUnet for MultiOrgan Seg/output/final_output/predictions/img0002_img0002_slice0096_pred.npy,/Users/brian/Desktop/VCL318/TransU-Net/TransUnet vs. Unet/TransUnet for MultiOrgan Seg/output/final_output/overlays/img0002_img0002_slice0096_overlay.png
39,img0002,img0002_slice0097,/Users/brian/Desktop/VCL318/TransU-Net/TransUnet vs. Unet/TransUnet for MultiOrgan Seg/output/final_output/predictions/img0002_img0002_slice0097_pred.npy,/Users/brian/Desktop/VCL318/TransU-Net/TransUnet vs. Unet/TransUnet for MultiOrgan Seg/output/final_output/overlays/img0002_img0002_slice0097_overlay.png
40,img0002,img0002_slice0098,/Users/brian/Desktop/VCL318/TransU-Net/TransUnet vs. Unet/TransUnet for MultiOrgan Seg/output/final_output/predictions/img0002_img0002_slice0098_pred.npy,/Users/brian/Desktop/VCL318/TransU-Net/TransUnet vs. Unet/TransUnet for MultiOrgan Seg/output/final_output/overlays/img0002_img0002_slice0098_overlay.png
41,img0002,img0002_slice0099,/Users/brian/Desktop/VCL318/TransU-Net/TransUnet vs. Unet/TransUnet for MultiOrgan Seg/output/final_output/predictions/img0002_img0002_slice0099_pred.npy,/Users/brian/Desktop/VCL318/TransU-Net/TransUnet vs. Unet/TransUnet for MultiOrgan Seg/output/final_output/overlays/img0002_img0002_slice0099_overlay.png
42,img0002,img0002_slice0100,/Users/brian/Desktop/VCL318/TransU-Net/TransUnet vs. Unet/TransUnet for MultiOrgan Seg/output/final_output/predictions/img0002_img0002_slice0100_pred.npy,/Users/brian/Desktop/VCL318/TransU-Net/TransUnet vs. Unet/TransUnet for MultiOrgan Seg/output/final_output/overlays/img0002_img0002_slice0100_overlay.png
43,img0002,img0002_slice0101,/Users/brian/Desktop/VCL318/TransU-Net/TransUnet vs. Unet/TransUnet for MultiOrgan Seg/output/final_output/predictions/img0002_img0002_slice0101_pred.npy,/Users/brian/Desktop/VCL318/TransU-Net/TransUnet vs. Unet/TransUnet for MultiOrgan Seg/output/final_output/overlays/img0002_img0002_slice0101_overlay.png
44,img0002,img0002_slice0102,/Users/brian/Desktop/VCL318/TransU-Net/TransUnet vs. Unet/TransUnet for MultiOrgan Seg/output/final_output/predictions/img0002_img0002_slice0102_pred.npy,/Users/brian/Desktop/VCL318/TransU-Net/TransUnet vs. Unet/TransUnet for MultiOrgan Seg/output/final_output/overlays/img0002_img0002_slice0102_overlay.png
45,img0002,img0002_slice0103,/Users/brian/Desktop/VCL318/TransU-Net/TransUnet vs. Unet/TransUnet for MultiOrgan Seg/output/final_output/predictions/img0002_img0002_slice0103_pred.npy,/Users/brian/Desktop/VCL318/TransU-Net/TransUnet vs. Unet/TransUnet for MultiOrgan Seg/output/final_output/overlays/img0002_img0002_slice0103_overlay.png
46,img0002,img0002_slice0104,/Users/brian/Desktop/VCL318/TransU-Net/TransUnet vs. Unet/TransUnet for MultiOrgan Seg/output/final_output/predictions/img0002_img0002_slice0104_pred.npy,/Users/brian/Desktop/VCL318/TransU-Net/TransUnet vs. Unet/TransUnet for MultiOrgan Seg/output/final_output/overlays/img0002_img0002_slice0104_overlay.png
47,img0002,img0002_slice0105,/Users/brian/Desktop/VCL318/TransU-Net/TransUnet vs. Unet/TransUnet for MultiOrgan Seg/output/final_output/predictions/img0002_img0002_slice0105_pred.npy,/Users/brian/Desktop/VCL318/TransU-Net/TransUnet vs. Unet/TransUnet for MultiOrgan Seg/output/final_output/overlays/img0002_img0002_slice0105_overlay.png
48,img0002,img0002_slice0106,/Users/brian/Desktop/VCL318/TransU-Net/TransUnet vs. Unet/TransUnet for MultiOrgan Seg/output/final_output/predictions/img0002_img0002_slice0106_pred.npy,/Users/brian/Desktop/VCL318/TransU-Net/TransUnet vs. Unet/TransUnet for MultiOrgan Seg/output/final_output/overlays/img0002_img0002_slice0106_overlay.png
49,img0002,img0002_slice0107,/Users/brian/Desktop/VCL318/TransU-Net/TransUnet vs. Unet/TransUnet for MultiOrgan Seg/output/final_output/predictions/img0002_img0002_slice0107_pred.npy,/Users/brian/Desktop/VCL318/TransU-Net/TransUnet vs. Unet/TransUnet for MultiOrgan Seg/output/final_output/overlays/img0002_img0002_slice0107_overlay.png
50,img0002,img0002_slice0108,/Users/brian/Desktop/VCL318/TransU-Net/TransUnet vs. Unet/TransUnet for MultiOrgan Seg/output/final_output/predictions/img0002_img0002_slice0108_pred.npy,/Users/brian/Desktop/VCL318/TransU-Net/TransUnet vs. Unet/TransUnet for MultiOrgan Seg/output/final_output/overlays/img0002_img0002_slice0108_overlay.png
51,img0002,img0002_slice0109,/Users/brian/Desktop/VCL318/TransU-Net/TransUnet vs. Unet/TransUnet for MultiOrgan Seg/output/final_output/predictions/img0002_img0002_slice0109_pred.npy,/Users/brian/Desktop/VCL318/TransU-Net/TransUnet vs. Unet/TransUnet for MultiOrgan Seg/output/final_output/overlays/img0002_img0002_slice0109_overlay.png
52,img0002,img0002_slice0110,/Users/brian/Desktop/VCL318/TransU-Net/TransUnet vs. Unet/TransUnet for MultiOrgan Seg/output/final_output/predictions/img0002_img0002_slice0110_pred.npy,/Users/brian/Desktop/VCL318/TransU-Net/TransUnet vs. Unet/TransUnet for MultiOrgan Seg/output/final_output/overlays/img0002_img0002_slice0110_overlay.png
53,img0002,img0002_slice0111,/Users/brian/Desktop/VCL318/TransU-Net/TransUnet vs. Unet/TransUnet for MultiOrgan Seg/output/final_output/predictions/img0002_img0002_slice0111_pred.npy,/Users/brian/Desktop/VCL318/TransU-Net/TransUnet vs. Unet/TransUnet for MultiOrgan Seg/output/final_output/overlays/img0002_img0002_slice0111_overlay.png
54,img0002,img0002_slice0112,/Users/brian/Desktop/VCL318/TransU-Net/TransUnet vs. Unet/TransUnet for MultiOrgan Seg/output/final_output/predictions/img0002_img0002_slice0112_pred.npy,/Users/brian/Desktop/VCL318/TransU-Net/TransUnet vs. Unet/TransUnet for MultiOrgan Seg/output/final_output/overlays/img0002_img0002_slice0112_overlay.png
55,img0002,img0002_slice0113,/Users/brian/Desktop/VCL318/TransU-Net/TransUnet vs. Unet/TransUnet for MultiOrgan Seg/output/final_output/predictions/img0002_img0002_slice0113_pred.npy,/Users/brian/Desktop/VCL318/TransU-Net/TransUnet vs. Unet/TransUnet for MultiOrgan Seg/output/final_output/overlays/img0002_img0002_slice0113_overlay.png
56,img0002,img0002_slice0114,/Users/brian/Desktop/VCL318/TransU-Net/TransUnet vs. Unet/TransUnet for MultiOrgan Seg/output/final_output/predictions/img0002_img0002_slice0114_pred.npy,/Users/brian/Desktop/VCL318/TransU-Net/TransUnet vs. Unet/TransUnet for MultiOrgan Seg/output/final_output/overlays/img0002_img0002_slice0114_overlay.png
57,img0002,img0002_slice0115,/Users/brian/Desktop/VCL318/TransU-Net/TransUnet vs. Unet/TransUnet for MultiOrgan Seg/output/final_output/predictions/img0002_img0002_slice0115_pred.npy,/Users/brian/Desktop/VCL318/TransU-Net/TransUnet vs. Unet/TransUnet for MultiOrgan Seg/output/final_output/overlays/img0002_img0002_slice0115_overlay.png
58,img0002,img0002_slice0116,/Users/brian/Desktop/VCL318/TransU-Net/TransUnet vs. Unet/TransUnet for MultiOrgan Seg/output/final_output/predictions/img0002_img0002_slice0116_pred.npy,/Users/brian/Desktop/VCL318/TransU-Net/TransUnet vs. Unet/TransUnet for MultiOrgan Seg/output/final_output/overlays/img0002_img0002_slice0116_overlay.png
59,img0002,img0002_slice0117,/Users/brian/Desktop/VCL318/TransU-Net/TransUnet vs. Unet/TransUnet for MultiOrgan Seg/output/final_output/predictions/img0002_img0002_slice0117_pred.npy,/Users/brian/Desktop/VCL318/TransU-Net/TransUnet vs. Unet/TransUnet for MultiOrgan Seg/output/final_output/overlays/img0002_img0002_slice0117_overlay.png
60,img0002,img0002_slice0118,/Users/brian/Desktop/VCL318/TransU-Net/TransUnet vs. Unet/TransUnet for MultiOrgan Seg/output/final_output/predictions/img0002_img0002_slice0118_pred.npy,/Users/brian/Desktop/VCL318/TransU-Net/TransUnet vs. Unet/TransUnet for MultiOrgan Seg/output/final_output/overlays/img0002_img0002_slice0118_overlay.png
61,img0002,img0002_slice0119,/Users/brian/Desktop/VCL318/TransU-Net/TransUnet vs. Unet/TransUnet for MultiOrgan Seg/output/final_output/predictions/img0002_img0002_slice0119_pred.npy,/Users/brian/Desktop/VCL318/TransU-Net/TransUnet vs. Unet/TransUnet for MultiOrgan Seg/output/final_output/overlays/img0002_img0002_slice0119_overlay.png
62,img0002,img0002_slice0120,/Users/brian/Desktop/VCL318/TransU-Net/TransUnet vs. Unet/TransUnet for MultiOrgan Seg/output/final_output/predictions/img0002_img0002_slice0120_pred.npy,/Users/brian/Desktop/VCL318/TransU-Net/TransUnet vs. Unet/TransUnet for MultiOrgan Seg/output/final_output/overlays/img0002_img0002_slice0120_overlay.png
63,img0002,img0002_slice0121,/Users/brian/Desktop/VCL318/TransU-Net/TransUnet vs. Unet/TransUnet for MultiOrgan Seg/output/final_output/predictions/img0002_img0002_slice0121_pred.npy,/Users/brian/Desktop/VCL318/TransU-Net/TransUnet vs. Unet/TransUnet for MultiOrgan Seg/output/final_output/overlays/img0002_img0002_slice0121_overlay.png
64,img0002,img0002_slice0122,/Users/brian/Desktop/VCL318/TransU-Net/TransUnet vs. Unet/TransUnet for MultiOrgan Seg/output/final_output/predictions/img0002_img0002_slice0122_pred.npy,/Users/brian/Desktop/VCL318/TransU-Net/TransUnet vs. Unet/TransUnet for MultiOrgan Seg/output/final_output/overlays/img0002_img0002_slice0122_overlay.png
65,img0002,img0002_slice0123,/Users/brian/Desktop/VCL318/TransU-Net/TransUnet vs. Unet/TransUnet for MultiOrgan Seg/output/final_output/predictions/img0002_img0002_slice0123_pred.npy,/Users/brian/Desktop/VCL318/TransU-Net/TransUnet vs. Unet/TransUnet for MultiOrgan Seg/output/final_output/overlays/img0002_img0002_slice0123_overlay.png
66,img0002,img0002_slice0124,/Users/brian/Desktop/VCL318/TransU-Net/TransUnet vs. Unet/TransUnet for MultiOrgan Seg/output/final_output/predictions/img0002_img0002_slice0124_pred.npy,/Users/brian/Desktop/VCL318/TransU-Net/TransUnet vs. Unet/TransUnet for MultiOrgan Seg/output/final_output/overlays/img0002_img0002_slice0124_overlay.png
67,img0002,img0002_slice0125,/Users/brian/Desktop/VCL318/TransU-Net/TransUnet vs. Unet/TransUnet for MultiOrgan Seg/output/final_output/predictions/img0002_img0002_slice0125_pred.npy,/Users/brian/Desktop/VCL318/TransU-Net/TransUnet vs. Unet/TransUnet for MultiOrgan Seg/output/final_output/overlays/img0002_img0002_slice0125_overlay.png
68,img0002,img0002_slice0126,/Users/brian/Desktop/VCL318/TransU-Net/TransUnet vs. Unet/TransUnet for MultiOrgan Seg/output/final_output/predictions/img0002_img0002_slice0126_pred.npy,/Users/brian/Desktop/VCL318/TransU-Net/TransUnet vs. Unet/TransUnet for MultiOrgan Seg/output/final_output/overlays/img0002_img0002_slice0126_overlay.png
69,img0002,img0002_slice0127,/Users/brian/Desktop/VCL318/TransU-Net/TransUnet vs. Unet/TransUnet for MultiOrgan Seg/output/final_output/predictions/img0002_img0002_slice0127_pred.npy,/Users/brian/Desktop/VCL318/TransU-Net/TransUnet vs. Unet/TransUnet for MultiOrgan Seg/output/final_output/overlays/img0002_img0002_slice0127_overlay.png
70,img0002,img0002_slice0128,/Users/brian/Desktop/VCL318/TransU-Net/TransUnet vs. Unet/TransUnet for MultiOrgan Seg/output/final_output/predictions/img0002_img0002_slice0128_pred.npy,/Users/brian/Desktop/VCL318/TransU-Net/TransUnet vs. Unet/TransUnet for MultiOrgan Seg/output/final_output/overlays/img0002_img0002_slice0128_overlay.png
71,img0002,img0002_slice0129,/Users/brian/Desktop/VCL318/TransU-Net/TransUnet vs. Unet/TransUnet for MultiOrgan Seg/output/final_output/predictions/img0002_img0002_slice0129_pred.npy,/Users/brian/Desktop/VCL318/TransU-Net/TransUnet vs. Unet/TransUnet for MultiOrgan Seg/output/final_output/overlays/img0002_img0002_slice0129_overlay.png
72,img0002,img0002_slice0130,/Users/brian/Desktop/VCL318/TransU-Net/TransUnet vs. Unet/TransUnet for MultiOrgan Seg/output/final_output/predictions/img0002_img0002_slice0130_pred.npy,/Users/brian/Desktop/VCL318/TransU-Net/TransUnet vs. Unet/TransUnet for MultiOrgan Seg/output/final_output/overlays/img0002_img0002_slice0130_overlay.png
73,img0002,img0002_slice0131,/Users/brian/Desktop/VCL318/TransU-Net/TransUnet vs. Unet/TransUnet for MultiOrgan Seg/output/final_output/predictions/img0002_img0002_slice0131_pred.npy,/Users/brian/Desktop/VCL318/TransU-Net/TransUnet vs. Unet/TransUnet for MultiOrgan Seg/output/final_output/overlays/img0002_img0002_slice0131_overlay.png
74,img0002,img0002_slice0132,/Users/brian/Desktop/VCL318/TransU-Net/TransUnet vs. Unet/TransUnet for MultiOrgan Seg/output/final_output/predictions/img0002_img0002_slice0132_pred.npy,/Users/brian/Desktop/VCL318/TransU-Net/TransUnet vs. Unet/TransUnet for MultiOrgan Seg/output/final_output/overlays/img0002_img0002_slice0132_overlay.png
75,img0002,img0002_slice0133,/Users/brian/Desktop/VCL318/TransU-Net/TransUnet vs. Unet/TransUnet for MultiOrgan Seg/output/final_output/predictions/img0002_img0002_slice0133_pred.npy,/Users/brian/Desktop/VCL318/TransU-Net/TransUnet vs. Unet/TransUnet for MultiOrgan Seg/output/final_output/overlays/img0002_img0002_slice0133_overlay.png
76,img0002,img0002_slice0134,/Users/brian/Desktop/VCL318/TransU-Net/TransUnet vs. Unet/TransUnet for MultiOrgan Seg/output/final_output/predictions/img0002_img0002_slice0134_pred.npy,/Users/brian/Desktop/VCL318/TransU-Net/TransUnet vs. Unet/TransUnet for MultiOrgan Seg/output/final_output/overlays/img0002_img0002_slice0134_overlay.png
77,img0002,img0002_slice0135,/Users/brian/Desktop/VCL318/TransU-Net/TransUnet vs. Unet/TransUnet for MultiOrgan Seg/output/final_output/predictions/img0002_img0002_slice0135_pred.npy,/Users/brian/Desktop/VCL318/TransU-Net/TransUnet vs. Unet/TransUnet for MultiOrgan Seg/output/final_output/overlays/img0002_img0002_slice0135_overlay.png
78,img0002,img0002_slice0136,/Users/brian/Desktop/VCL318/TransU-Net/TransUnet vs. Unet/TransUnet for MultiOrgan Seg/output/final_output/predictions/img0002_img0002_slice0136_pred.npy,/Users/brian/Desktop/VCL318/TransU-Net/TransUnet vs. Unet/TransUnet for MultiOrgan Seg/output/final_output/overlays/img0002_img0002_slice0136_overlay.png
79,img0002,img0002_slice0137,/Users/brian/Desktop/VCL318/TransU-Net/TransUnet vs. Unet/TransUnet for MultiOrgan Seg/output/final_output/predictions/img0002_img0002_slice0137_pred.npy,/Users/brian/Desktop/VCL318/TransU-Net/TransUnet vs. Unet/TransUnet for MultiOrgan Seg/output/final_output/overlays/img0002_img0002_slice0137_overlay.png
80,img0002,img0002_slice0138,/Users/brian/Desktop/VCL318/TransU-Net/TransUnet vs. Unet/TransUnet for MultiOrgan Seg/output/final_output/predictions/img0002_img0002_slice0138_pred.npy,/Users/brian/Desktop/VCL318/TransU-Net/TransUnet vs. Unet/TransUnet for MultiOrgan Seg/output/final_output/overlays/img0002_img0002_slice0138_overlay.png
81,img0008,img0008_slice0005,/Users/brian/Desktop/VCL318/TransU-Net/TransUnet vs. Unet/TransUnet for MultiOrgan Seg/output/final_output/predictions/img0008_img0008_slice0005_pred.npy,/Users/brian/Desktop/VCL318/TransU-Net/TransUnet vs. Unet/TransUnet for MultiOrgan Seg/output/final_output/overlays/img0008_img0008_slice0005_overlay.png
82,img0008,img0008_slice0010,/Users/brian/Desktop/VCL318/TransU-Net/TransUnet vs. Unet/TransUnet for MultiOrgan Seg/output/final_output/predictions/img0008_img0008_slice0010_pred.npy,/Users/brian/Desktop/VCL318/TransU-Net/TransUnet vs. Unet/TransUnet for MultiOrgan Seg/output/final_output/overlays/img0008_img0008_slice0010_overlay.png
83,img0008,img0008_slice0015,/Users/brian/Desktop/VCL318/TransU-Net/TransUnet vs. Unet/TransUnet for MultiOrgan Seg/output/final_output/predictions/img0008_img0008_slice0015_pred.npy,/Users/brian/Desktop/VCL318/TransU-Net/TransUnet vs. Unet/TransUnet for MultiOrgan Seg/output/final_output/overlays/img0008_img0008_slice0015_overlay.png
84,img0008,img0008_slice0033,/Users/brian/Desktop/VCL318/TransU-Net/TransUnet vs. Unet/TransUnet for MultiOrgan Seg/output/final_output/predictions/img0008_img0008_slice0033_pred.npy,/Users/brian/Desktop/VCL318/TransU-Net/TransUnet vs. Unet/TransUnet for MultiOrgan Seg/output/final_output/overlays/img0008_img0008_slice0033_overlay.png
85,img0008,img0008_slice0037,/Users/brian/Desktop/VCL318/TransU-Net/TransUnet vs. Unet/TransUnet for MultiOrgan Seg/output/final_output/predictions/img0008_img0008_slice0037_pred.npy,/Users/brian/Desktop/VCL318/TransU-Net/TransUnet vs. Unet/TransUnet for MultiOrgan Seg/output/final_output/overlays/img0008_img0008_slice0037_overlay.png
86,img0008,img0008_slice0048,/Users/brian/Desktop/VCL318/TransU-Net/TransUnet vs. Unet/TransUnet for MultiOrgan Seg/output/final_output/predictions/img0008_img0008_slice0048_pred.npy,/Users/brian/Desktop/VCL318/TransU-Net/TransUnet vs. Unet/TransUnet for MultiOrgan Seg/output/final_output/overlays/img0008_img0008_slice0048_overlay.png
87,img0008,img0008_slice0058,/Users/brian/Desktop/VCL318/TransU-Net/TransUnet vs. Unet/TransUnet for MultiOrgan Seg/output/final_output/predictions/img0008_img0008_slice0058_pred.npy,/Users/brian/Desktop/VCL318/TransU-Net/TransUnet vs. Unet/TransUnet for MultiOrgan Seg/output/final_output/overlays/img0008_img0008_slice0058_overlay.png
88,img0008,img0008_slice0068,/Users/brian/Desktop/VCL318/TransU-Net/TransUnet vs. Unet/TransUnet for MultiOrgan Seg/output/final_output/predictions/img0008_img0008_slice0068_pred.npy,/Users/brian/Desktop/VCL318/TransU-Net/TransUnet vs. Unet/TransUnet for MultiOrgan Seg/output/final_output/overlays/img0008_img0008_slice0068_overlay.png
89,img0008,img0008_slice0076,/Users/brian/Desktop/VCL318/TransU-Net/TransUnet vs. Unet/TransUnet for MultiOrgan Seg/output/final_output/predictions/img0008_img0008_slice0076_pred.npy,/Users/brian/Desktop/VCL318/TransU-Net/TransUnet vs. Unet/TransUnet for MultiOrgan Seg/output/final_output/overlays/img0008_img0008_slice0076_overlay.png
90,img0008,img0008_slice0077,/Users/brian/Desktop/VCL318/TransU-Net/TransUnet vs. Unet/TransUnet for MultiOrgan Seg/output/final_output/predictions/img0008_img0008_slice0077_pred.npy,/Users/brian/Desktop/VCL318/TransU-Net/TransUnet vs. Unet/TransUnet for MultiOrgan Seg/output/final_output/overlays/img0008_img0008_slice0077_overlay.png
91,img0008,img0008_slice0078,/Users/brian/Desktop/VCL318/TransU-Net/TransUnet vs. Unet/TransUnet for MultiOrgan Seg/output/final_output/predictions/img0008_img0008_slice0078_pred.npy,/Users/brian/Desktop/VCL318/TransU-Net/TransUnet vs. Unet/TransUnet for MultiOrgan Seg/output/final_output/overlays/img0008_img0008_slice0078_overlay.png
92,img0008,img0008_slice0079,/Users/brian/Desktop/VCL318/TransU-Net/TransUnet vs. Unet/TransUnet for MultiOrgan Seg/output/final_output/predictions/img0008_img0008_slice0079_pred.npy,/Users/brian/Desktop/VCL318/TransU-Net/TransUnet vs. Unet/TransUnet for MultiOrgan Seg/output/final_output/overlays/img0008_img0008_slice0079_overlay.png
93,img0008,img0008_slice0080,/Users/brian/Desktop/VCL318/TransU-Net/TransUnet vs. Unet/TransUnet for MultiOrgan Seg/output/final_output/predictions/img0008_img0008_slice0080_pred.npy,/Users/brian/Desktop/VCL318/TransU-Net/TransUnet vs. Unet/TransUnet for MultiOrgan Seg/output/final_output/overlays/img0008_img0008_slice0080_overlay.png
94,img0008,img0008_slice0081,/Users/brian/Desktop/VCL318/TransU-Net/TransUnet vs. Unet/TransUnet for MultiOrgan Seg/output/final_output/predictions/img0008_img0008_slice0081_pred.npy,/Users/brian/Desktop/VCL318/TransU-Net/TransUnet vs. Unet/TransUnet for MultiOrgan Seg/output/final_output/overlays/img0008_img0008_slice0081_overlay.png
95,img0008,img0008_slice0082,/Users/brian/Desktop/VCL318/TransU-Net/TransUnet vs. Unet/TransUnet for MultiOrgan Seg/output/final_output/predictions/img0008_img0008_slice0082_pred.npy,/Users/brian/Desktop/VCL318/TransU-Net/TransUnet vs. Unet/TransUnet for MultiOrgan Seg/output/final_output/overlays/img0008_img0008_slice0082_overlay.png
96,img0008,img0008_slice0083,/Users/brian/Desktop/VCL318/TransU-Net/TransUnet vs. Unet/TransUnet for MultiOrgan Seg/output/final_output/predictions/img0008_img0008_slice0083_pred.npy,/Users/brian/Desktop/VCL318/TransU-Net/TransUnet vs. Unet/TransUnet for MultiOrgan Seg/output/final_output/overlays/img0008_img0008_slice0083_overlay.png
97,img0008,img0008_slice0084,/Users/brian/Desktop/VCL318/TransU-Net/TransUnet vs. Unet/TransUnet for MultiOrgan Seg/output/final_output/predictions/img0008_img0008_slice0084_pred.npy,/Users/brian/Desktop/VCL318/TransU-Net/TransUnet vs. Unet/TransUnet for MultiOrgan Seg/output/final_output/overlays/img0008_img0008_slice0084_overlay.png
98,img0008,img0008_slice0085,/Users/brian/Desktop/VCL318/TransU-Net/TransUnet vs. Unet/TransUnet for MultiOrgan Seg/output/final_output/predictions/img0008_img0008_slice0085_pred.npy,/Users/brian/Desktop/VCL318/TransU-Net/TransUnet vs. Unet/TransUnet for MultiOrgan Seg/output/final_output/overlays/img0008_img0008_slice0085_overlay.png
99,img0008,img0008_slice0086,/Users/brian/Desktop/VCL318/TransU-Net/TransUnet vs. Unet/TransUnet for MultiOrgan Seg/output/final_output/predictions/img0008_img0008_slice0086_pred.npy,/Users/brian/Desktop/VCL318/TransU-Net/TransUnet vs. Unet/TransUnet for MultiOrgan Seg/output/final_output/overlays/img0008_img0008_slice0086_overlay.png
100,img0008,img0008_slice0087,/Users/brian/Desktop/VCL318/TransU-Net/TransUnet vs. Unet/TransUnet for MultiOrgan Seg/output/final_output/predictions/img0008_img0008_slice0087_pred.npy,
101,img0008,img0008_slice0088,/Users/brian/Desktop/VCL318/TransU-Net/TransUnet vs. Unet/TransUnet for MultiOrgan Seg/output/final_output/predictions/img0008_img0008_slice0088_pred.npy,
102,img0008,img0008_slice0089,/Users/brian/Desktop/VCL318/TransU-Net/TransUnet vs. Unet/TransUnet for MultiOrgan Seg/output/final_output/predictions/img0008_img0008_slice0089_pred.npy,
103,img0008,img0008_slice0090,/Users/brian/Desktop/VCL318/TransU-Net/TransUnet vs. Unet/TransUnet for MultiOrgan Seg/output/final_output/predictions/img0008_img0008_slice0090_pred.npy,
104,img0008,img0008_slice0091,/Users/brian/Desktop/VCL318/TransU-Net/TransUnet vs. Unet/TransUnet for MultiOrgan Seg/output/final_output/predictions/img0008_img0008_slice0091_pred.npy,
105,img0008,img0008_slice0092,/Users/brian/Desktop/VCL318/TransU-Net/TransUnet vs. Unet/TransUnet for MultiOrgan Seg/output/final_output/predictions/img0008_img0008_slice0092_pred.npy,
106,img0008,img0008_slice0093,/Users/brian/Desktop/VCL318/TransU-Net/TransUnet vs. Unet/TransUnet for MultiOrgan Seg/output/final_output/predictions/img0008_img0008_slice0093_pred.npy,
107,img0008,img0008_slice0094,/Users/brian/Desktop/VCL318/TransU-Net/TransUnet vs. Unet/TransUnet for MultiOrgan Seg/output/final_output/predictions/img0008_img0008_slice0094_pred.npy,
108,img0008,img0008_slice0095,/Users/brian/Desktop/VCL318/TransU-Net/TransUnet vs. Unet/TransUnet for MultiOrgan Seg/output/final_output/predictions/img0008_img0008_slice0095_pred.npy,
109,img0008,img0008_slice0096,/Users/brian/Desktop/VCL318/TransU-Net/TransUnet vs. Unet/TransUnet for MultiOrgan Seg/output/final_output/predictions/img0008_img0008_slice0096_pred.npy,
110,img0008,img0008_slice0097,/Users/brian/Desktop/VCL318/TransU-Net/TransUnet vs. Unet/TransUnet for MultiOrgan Seg/output/final_output/predictions/img0008_img0008_slice0097_pred.npy,
111,img0008,img0008_slice0098,/Users/brian/Desktop/VCL318/TransU-Net/TransUnet vs. Unet/TransUnet for MultiOrgan Seg/output/final_output/predictions/img0008_img0008_slice0098_pred.npy,
112,img0008,img0008_slice0099,/Users/brian/Desktop/VCL318/TransU-Net/TransUnet vs. Unet/TransUnet for MultiOrgan Seg/output/final_output/predictions/img0008_img0008_slice0099_pred.npy,
113,img0008,img0008_slice0100,/Users/brian/Desktop/VCL318/TransU-Net/TransUnet vs. Unet/TransUnet for MultiOrgan Seg/output/final_output/predictions/img0008_img0008_slice0100_pred.npy,
114,img0008,img0008_slice0101,/Users/brian/Desktop/VCL318/TransU-Net/TransUnet vs. Unet/TransUnet for MultiOrgan Seg/output/final_output/predictions/img0008_img0008_slice0101_pred.npy,
115,img0008,img0008_slice0102,/Users/brian/Desktop/VCL318/TransU-Net/TransUnet vs. Unet/TransUnet for MultiOrgan Seg/output/final_output/predictions/img0008_img0008_slice0102_pred.npy,
116,img0008,img0008_slice0103,/Users/brian/Desktop/VCL318/TransU-Net/TransUnet vs. Unet/TransUnet for MultiOrgan Seg/output/final_output/predictions/img0008_img0008_slice0103_pred.npy,
117,img0008,img0008_slice0104,/Users/brian/Desktop/VCL318/TransU-Net/TransUnet vs. Unet/TransUnet for MultiOrgan Seg/output/final_output/predictions/img0008_img0008_slice0104_pred.npy,
118,img0008,img0008_slice0105,/Users/brian/Desktop/VCL318/TransU-Net/TransUnet vs. Unet/TransUnet for MultiOrgan Seg/output/final_output/predictions/img0008_img0008_slice0105_pred.npy,
119,img0008,img0008_slice0106,/Users/brian/Desktop/VCL318/TransU-Net/TransUnet vs. Unet/TransUnet for MultiOrgan Seg/output/final_output/predictions/img0008_img0008_slice0106_pred.npy,
120,img0008,img0008_slice0107,/Users/brian/Desktop/VCL318/TransU-Net/TransUnet vs. Unet/TransUnet for MultiOrgan Seg/output/final_output/predictions/img0008_img0008_slice0107_pred.npy,
121,img0008,img0008_slice0108,/Users/brian/Desktop/VCL318/TransU-Net/TransUnet vs. Unet/TransUnet for MultiOrgan Seg/output/final_output/predictions/img0008_img0008_slice0108_pred.npy,
122,img0008,img0008_slice0109,/Users/brian/Desktop/VCL318/TransU-Net/TransUnet vs. Unet/TransUnet for MultiOrgan Seg/output/final_output/predictions/img0008_img0008_slice0109_pred.npy,
123,img0008,img0008_slice0110,/Users/brian/Desktop/VCL318/TransU-Net/TransUnet vs. Unet/TransUnet for MultiOrgan Seg/output/final_output/predictions/img0008_img0008_slice0110_pred.npy,
124,img0008,img0008_slice0111,/Users/brian/Desktop/VCL318/TransU-Net/TransUnet vs. Unet/TransUnet for MultiOrgan Seg/output/final_output/predictions/img0008_img0008_slice0111_pred.npy,
125,img0008,img0008_slice0112,/Users/brian/Desktop/VCL318/TransU-Net/TransUnet vs. Unet/TransUnet for MultiOrgan Seg/output/final_output/predictions/img0008_img0008_slice0112_pred.npy,
126,img0008,img0008_slice0113,/Users/brian/Desktop/VCL318/TransU-Net/TransUnet vs. Unet/TransUnet for MultiOrgan Seg/output/final_output/predictions/img0008_img0008_slice0113_pred.npy,
127,img0008,img0008_slice0114,/Users/brian/Desktop/VCL318/TransU-Net/TransUnet vs. Unet/TransUnet for MultiOrgan Seg/output/final_output/predictions/img0008_img0008_slice0114_pred.npy,
128,img0008,img0008_slice0115,/Users/brian/Desktop/VCL318/TransU-Net/TransUnet vs. Unet/TransUnet for MultiOrgan Seg/output/final_output/predictions/img0008_img0008_slice0115_pred.npy,
129,img0008,img0008_slice0116,/Users/brian/Desktop/VCL318/TransU-Net/TransUnet vs. Unet/TransUnet for MultiOrgan Seg/output/final_output/predictions/img0008_img0008_slice0116_pred.npy,
130,img0008,img0008_slice0117,/Users/brian/Desktop/VCL318/TransU-Net/TransUnet vs. Unet/TransUnet for MultiOrgan Seg/output/final_output/predictions/img0008_img0008_slice0117_pred.npy,
131,img0008,img0008_slice0118,/Users/brian/Desktop/VCL318/TransU-Net/TransUnet vs. Unet/TransUnet for MultiOrgan Seg/output/final_output/predictions/img0008_img0008_slice0118_pred.npy,
132,img0008,img0008_slice0119,/Users/brian/Desktop/VCL318/TransU-Net/TransUnet vs. Unet/TransUnet for MultiOrgan Seg/output/final_output/predictions/img0008_img0008_slice0119_pred.npy,
133,img0008,img0008_slice0120,/Users/brian/Desktop/VCL318/TransU-Net/TransUnet vs. Unet/TransUnet for MultiOrgan Seg/output/final_output/predictions/img0008_img0008_slice0120_pred.npy,
134,img0008,img0008_slice0121,/Users/brian/Desktop/VCL318/TransU-Net/TransUnet vs. Unet/TransUnet for MultiOrgan Seg/output/final_output/predictions/img0008_img0008_slice0121_pred.npy,
135,img0008,img0008_slice0122,/Users/brian/Desktop/VCL318/TransU-Net/TransUnet vs. Unet/TransUnet for MultiOrgan Seg/output/final_output/predictions/img0008_img0008_slice0122_pred.npy,
136,img0008,img0008_slice0123,/Users/brian/Desktop/VCL318/TransU-Net/TransUnet vs. Unet/TransUnet for MultiOrgan Seg/output/final_output/predictions/img0008_img0008_slice0123_pred.npy,
137,img0008,img0008_slice0124,/Users/brian/Desktop/VCL318/TransU-Net/TransUnet vs. Unet/TransUnet for MultiOrgan Seg/output/final_output/predictions/img0008_img0008_slice0124_pred.npy,
138,img0008,img0008_slice0125,/Users/brian/Desktop/VCL318/TransU-Net/TransUnet vs. Unet/TransUnet for MultiOrgan Seg/output/final_output/predictions/img0008_img0008_slice0125_pred.npy,
139,img0008,img0008_slice0126,/Users/brian/Desktop/VCL318/TransU-Net/TransUnet vs. Unet/TransUnet for MultiOrgan Seg/output/final_output/predictions/img0008_img0008_slice0126_pred.npy,
140,img0008,img0008_slice0127,/Users/brian/Desktop/VCL318/TransU-Net/TransUnet vs. Unet/TransUnet for MultiOrgan Seg/output/final_output/predictions/img0008_img0008_slice0127_pred.npy,
141,img0008,img0008_slice0128,/Users/brian/Desktop/VCL318/TransU-Net/TransUnet vs. Unet/TransUnet for MultiOrgan Seg/output/final_output/predictions/img0008_img0008_slice0128_pred.npy,
142,img0008,img0008_slice0129,/Users/brian/Desktop/VCL318/TransU-Net/TransUnet vs. Unet/TransUnet for MultiOrgan Seg/output/final_output/predictions/img0008_img0008_slice0129_pred.npy,
143,img0008,img0008_slice0130,/Users/brian/Desktop/VCL318/TransU-Net/TransUnet vs. Unet/TransUnet for MultiOrgan Seg/output/final_output/predictions/img0008_img0008_slice0130_pred.npy,
144,img0008,img0008_slice0131,/Users/brian/Desktop/VCL318/TransU-Net/TransUnet vs. Unet/TransUnet for MultiOrgan Seg/output/final_output/predictions/img0008_img0008_slice0131_pred.npy,
145,img0008,img0008_slice0132,/Users/brian/Desktop/VCL318/TransU-Net/TransUnet vs. Unet/TransUnet for MultiOrgan Seg/output/final_output/predictions/img0008_img0008_slice0132_pred.npy,
146,img0008,img0008_slice0133,/Users/brian/Desktop/VCL318/TransU-Net/TransUnet vs. Unet/TransUnet for MultiOrgan Seg/output/final_output/predictions/img0008_img0008_slice0133_pred.npy,
147,img0008,img0008_slice0134,/Users/brian/Desktop/VCL318/TransU-Net/TransUnet vs. Unet/TransUnet for MultiOrgan Seg/output/final_output/predictions/img0008_img0008_slice0134_pred.npy,
148,img0008,img0008_slice0135,/Users/brian/Desktop/VCL318/TransU-Net/TransUnet vs. Unet/TransUnet for MultiOrgan Seg/output/final_output/predictions/img0008_img0008_slice0135_pred.npy,
149,img0008,img0008_slice0136,/Users/brian/Desktop/VCL318/TransU-Net/TransUnet vs. Unet/TransUnet for MultiOrgan Seg/output/final_output/predictions/img0008_img0008_slice0136_pred.npy,
150,img0008,img0008_slice0137,/Users/brian/Desktop/VCL318/TransU-Net/TransUnet vs. Unet/TransUnet for MultiOrgan Seg/output/final_output/predictions/img0008_img0008_slice0137_pred.npy,
151,img0008,img0008_slice0138,/Users/brian/Desktop/VCL318/TransU-Net/TransUnet vs. Unet/TransUnet for MultiOrgan Seg/output/final_output/predictions/img0008_img0008_slice0138_pred.npy,
152,img0008,img0008_slice0139,/Users/brian/Desktop/VCL318/TransU-Net/TransUnet vs. Unet/TransUnet for MultiOrgan Seg/output/final_output/predictions/img0008_img0008_slice0139_pred.npy,
153,img0008,img0008_slice0140,/Users/brian/Desktop/VCL318/TransU-Net/TransUnet vs. Unet/TransUnet for MultiOrgan Seg/output/final_output/predictions/img0008_img0008_slice0140_pred.npy,
154,img0008,img0008_slice0141,/Users/brian/Desktop/VCL318/TransU-Net/TransUnet vs. Unet/TransUnet for MultiOrgan Seg/output/final_output/predictions/img0008_img0008_slice0141_pred.npy,
155,img0008,img0008_slice0142,/Users/brian/Desktop/VCL318/TransU-Net/TransUnet vs. Unet/TransUnet for MultiOrgan Seg/output/final_output/predictions/img0008_img0008_slice0142_pred.npy,
156,img0008,img0008_slice0143,/Users/brian/Desktop/VCL318/TransU-Net/TransUnet vs. Unet/TransUnet for MultiOrgan Seg/output/final_output/predictions/img0008_img0008_slice0143_pred.npy,
157,img0008,img0008_slice0144,/Users/brian/Desktop/VCL318/TransU-Net/TransUnet vs. Unet/TransUnet for MultiOrgan Seg/output/final_output/predictions/img0008_img0008_slice0144_pred.npy,
158,img0008,img0008_slice0145,/Users/brian/Desktop/VCL318/TransU-Net/TransUnet vs. Unet/TransUnet for MultiOrgan Seg/output/final_output/predictions/img0008_img0008_slice0145_pred.npy,
159,img0008,img0008_slice0146,/Users/brian/Desktop/VCL318/TransU-Net/TransUnet vs. Unet/TransUnet for MultiOrgan Seg/output/final_output/predictions/img0008_img0008_slice0146_pred.npy,
160,img0008,img0008_slice0147,/Users/brian/Desktop/VCL318/TransU-Net/TransUnet vs. Unet/TransUnet for MultiOrgan Seg/output/final_output/predictions/img0008_img0008_slice0147_pred.npy,
161,img0025,img0025_slice0010,/Users/brian/Desktop/VCL318/TransU-Net/TransUnet vs. Unet/TransUnet for MultiOrgan Seg/output/final_output/predictions/img0025_img0025_slice0010_pred.npy,
162,img0025,img0025_slice0015,/Users/brian/Desktop/VCL318/TransU-Net/TransUnet vs. Unet/TransUnet for MultiOrgan Seg/output/final_output/predictions/img0025_img0025_slice0015_pred.npy,
163,img0025,img0025_slice0024,/Users/brian/Desktop/VCL318/TransU-Net/TransUnet vs. Unet/TransUnet for MultiOrgan Seg/output/final_output/predictions/img0025_img0025_slice0024_pred.npy,
164,img0025,img0025_slice0029,/Users/brian/Desktop/VCL318/TransU-Net/TransUnet vs. Unet/TransUnet for MultiOrgan Seg/output/final_output/predictions/img0025_img0025_slice0029_pred.npy,
165,img0025,img0025_slice0036,/Users/brian/Desktop/VCL318/TransU-Net/TransUnet vs. Unet/TransUnet for MultiOrgan Seg/output/final_output/predictions/img0025_img0025_slice0036_pred.npy,
166,img0025,img0025_slice0037,/Users/brian/Desktop/VCL318/TransU-Net/TransUnet vs. Unet/TransUnet for MultiOrgan Seg/output/final_output/predictions/img0025_img0025_slice0037_pred.npy,
167,img0025,img0025_slice0038,/Users/brian/Desktop/VCL318/TransU-Net/TransUnet vs. Unet/TransUnet for MultiOrgan Seg/output/final_output/predictions/img0025_img0025_slice0038_pred.npy,
168,img0025,img0025_slice0039,/Users/brian/Desktop/VCL318/TransU-Net/TransUnet vs. Unet/TransUnet for MultiOrgan Seg/output/final_output/predictions/img0025_img0025_slice0039_pred.npy,
169,img0025,img0025_slice0040,/Users/brian/Desktop/VCL318/TransU-Net/TransUnet vs. Unet/TransUnet for MultiOrgan Seg/output/final_output/predictions/img0025_img0025_slice0040_pred.npy,
170,img0025,img0025_slice0041,/Users/brian/Desktop/VCL318/TransU-Net/TransUnet vs. Unet/TransUnet for MultiOrgan Seg/output/final_output/predictions/img0025_img0025_slice0041_pred.npy,
171,img0025,img0025_slice0042,/Users/brian/Desktop/VCL318/TransU-Net/TransUnet vs. Unet/TransUnet for MultiOrgan Seg/output/final_output/predictions/img0025_img0025_slice0042_pred.npy,
172,img0025,img0025_slice0043,/Users/brian/Desktop/VCL318/TransU-Net/TransUnet vs. Unet/TransUnet for MultiOrgan Seg/output/final_output/predictions/img0025_img0025_slice0043_pred.npy,
173,img0025,img0025_slice0044,/Users/brian/Desktop/VCL318/TransU-Net/TransUnet vs. Unet/TransUnet for MultiOrgan Seg/output/final_output/predictions/img0025_img0025_slice0044_pred.npy,
174,img0025,img0025_slice0045,/Users/brian/Desktop/VCL318/TransU-Net/TransUnet vs. Unet/TransUnet for MultiOrgan Seg/output/final_output/predictions/img0025_img0025_slice0045_pred.npy,
175,img0025,img0025_slice0046,/Users/brian/Desktop/VCL318/TransU-Net/TransUnet vs. Unet/TransUnet for MultiOrgan Seg/output/final_output/predictions/img0025_img0025_slice0046_pred.npy,
176,img0025,img0025_slice0047,/Users/brian/Desktop/VCL318/TransU-Net/TransUnet vs. Unet/TransUnet for MultiOrgan Seg/output/final_output/predictions/img0025_img0025_slice0047_pred.npy,
177,img0025,img0025_slice0048,/Users/brian/Desktop/VCL318/TransU-Net/TransUnet vs. Unet/TransUnet for MultiOrgan Seg/output/final_output/predictions/img0025_img0025_slice0048_pred.npy,
178,img0025,img0025_slice0049,/Users/brian/Desktop/VCL318/TransU-Net/TransUnet vs. Unet/TransUnet for MultiOrgan Seg/output/final_output/predictions/img0025_img0025_slice0049_pred.npy,
179,img0025,img0025_slice0050,/Users/brian/Desktop/VCL318/TransU-Net/TransUnet vs. Unet/TransUnet for MultiOrgan Seg/output/final_output/predictions/img0025_img0025_slice0050_pred.npy,
180,img0025,img0025_slice0051,/Users/brian/Desktop/VCL318/TransU-Net/TransUnet vs. Unet/TransUnet for MultiOrgan Seg/output/final_output/predictions/img0025_img0025_slice0051_pred.npy,
181,img0025,img0025_slice0052,/Users/brian/Desktop/VCL318/TransU-Net/TransUnet vs. Unet/TransUnet for MultiOrgan Seg/output/final_output/predictions/img0025_img0025_slice0052_pred.npy,
182,img0025,img0025_slice0053,/Users/brian/Desktop/VCL318/TransU-Net/TransUnet vs. Unet/TransUnet for MultiOrgan Seg/output/final_output/predictions/img0025_img0025_slice0053_pred.npy,
183,img0025,img0025_slice0054,/Users/brian/Desktop/VCL318/TransU-Net/TransUnet vs. Unet/TransUnet for MultiOrgan Seg/output/final_output/predictions/img0025_img0025_slice0054_pred.npy,
184,img0025,img0025_slice0055,/Users/brian/Desktop/VCL318/TransU-Net/TransUnet vs. Unet/TransUnet for MultiOrgan Seg/output/final_output/predictions/img0025_img0025_slice0055_pred.npy,
185,img0025,img0025_slice0056,/Users/brian/Desktop/VCL318/TransU-Net/TransUnet vs. Unet/TransUnet for MultiOrgan Seg/output/final_output/predictions/img0025_img0025_slice0056_pred.npy,
186,img0025,img0025_slice0057,/Users/brian/Desktop/VCL318/TransU-Net/TransUnet vs. Unet/TransUnet for MultiOrgan Seg/output/final_output/predictions/img0025_img0025_slice0057_pred.npy,
187,img0025,img0025_slice0058,/Users/brian/Desktop/VCL318/TransU-Net/TransUnet vs. Unet/TransUnet for MultiOrgan Seg/output/final_output/predictions/img0025_img0025_slice0058_pred.npy,
188,img0025,img0025_slice0059,/Users/brian/Desktop/VCL318/TransU-Net/TransUnet vs. Unet/TransUnet for MultiOrgan Seg/output/final_output/predictions/img0025_img0025_slice0059_pred.npy,
189,img0025,img0025_slice0060,/Users/brian/Desktop/VCL318/TransU-Net/TransUnet vs. Unet/TransUnet for MultiOrgan Seg/output/final_output/predictions/img0025_img0025_slice0060_pred.npy,
190,img0025,img0025_slice0061,/Users/brian/Desktop/VCL318/TransU-Net/TransUnet vs. Unet/TransUnet for MultiOrgan Seg/output/final_output/predictions/img0025_img0025_slice0061_pred.npy,
191,img0025,img0025_slice0062,/Users/brian/Desktop/VCL318/TransU-Net/TransUnet vs. Unet/TransUnet for MultiOrgan Seg/output/final_output/predictions/img0025_img0025_slice0062_pred.npy,
192,img0025,img0025_slice0063,/Users/brian/Desktop/VCL318/TransU-Net/TransUnet vs. Unet/TransUnet for MultiOrgan Seg/output/final_output/predictions/img0025_img0025_slice0063_pred.npy,
193,img0025,img0025_slice0064,/Users/brian/Desktop/VCL318/TransU-Net/TransUnet vs. Unet/TransUnet for MultiOrgan Seg/output/final_output/predictions/img0025_img0025_slice0064_pred.npy,
194,img0025,img0025_slice0065,/Users/brian/Desktop/VCL318/TransU-Net/TransUnet vs. Unet/TransUnet for MultiOrgan Seg/output/final_output/predictions/img0025_img0025_slice0065_pred.npy,
195,img0025,img0025_slice0066,/Users/brian/Desktop/VCL318/TransU-Net/TransUnet vs. Unet/TransUnet for MultiOrgan Seg/output/final_output/predictions/img0025_img0025_slice0066_pred.npy,
196,img0025,img0025_slice0067,/Users/brian/Desktop/VCL318/TransU-Net/TransUnet vs. Unet/TransUnet for MultiOrgan Seg/output/final_output/predictions/img0025_img0025_slice0067_pred.npy,
197,img0025,img0025_slice0068,/Users/brian/Desktop/VCL318/TransU-Net/TransUnet vs. Unet/TransUnet for MultiOrgan Seg/output/final_output/predictions/img0025_img0025_slice0068_pred.npy,
198,img0025,img0025_slice0069,/Users/brian/Desktop/VCL318/TransU-Net/TransUnet vs. Unet/TransUnet for MultiOrgan Seg/output/final_output/predictions/img0025_img0025_slice0069_pred.npy,
199,img0025,img0025_slice0070,/Users/brian/Desktop/VCL318/TransU-Net/TransUnet vs. Unet/TransUnet for MultiOrgan Seg/output/final_output/predictions/img0025_img0025_slice0070_pred.npy,
200,img0025,img0025_slice0071,/Users/brian/Desktop/VCL318/TransU-Net/TransUnet vs. Unet/TransUnet for MultiOrgan Seg/output/final_output/predictions/img0025_img0025_slice0071_pred.npy,
201,img0025,img0025_slice0072,/Users/brian/Desktop/VCL318/TransU-Net/TransUnet vs. Unet/TransUnet for MultiOrgan Seg/output/final_output/predictions/img0025_img0025_slice0072_pred.npy,
202,img0025,img0025_slice0073,/Users/brian/Desktop/VCL318/TransU-Net/TransUnet vs. Unet/TransUnet for MultiOrgan Seg/output/final_output/predictions/img0025_img0025_slice0073_pred.npy,
203,img0025,img0025_slice0074,/Users/brian/Desktop/VCL318/TransU-Net/TransUnet vs. Unet/TransUnet for MultiOrgan Seg/output/final_output/predictions/img0025_img0025_slice0074_pred.npy,
204,img0025,img0025_slice0075,/Users/brian/Desktop/VCL318/TransU-Net/TransUnet vs. Unet/TransUnet for MultiOrgan Seg/output/final_output/predictions/img0025_img0025_slice0075_pred.npy,
205,img0025,img0025_slice0076,/Users/brian/Desktop/VCL318/TransU-Net/TransUnet vs. Unet/TransUnet for MultiOrgan Seg/output/final_output/predictions/img0025_img0025_slice0076_pred.npy,
206,img0025,img0025_slice0077,/Users/brian/Desktop/VCL318/TransU-Net/TransUnet vs. Unet/TransUnet for MultiOrgan Seg/output/final_output/predictions/img0025_img0025_slice0077_pred.npy,
207,img0025,img0025_slice0078,/Users/brian/Desktop/VCL318/TransU-Net/TransUnet vs. Unet/TransUnet for MultiOrgan Seg/output/final_output/predictions/img0025_img0025_slice0078_pred.npy,
208,img0025,img0025_slice0079,/Users/brian/Desktop/VCL318/TransU-Net/TransUnet vs. Unet/TransUnet for MultiOrgan Seg/output/final_output/predictions/img0025_img0025_slice0079_pred.npy,
209,img0025,img0025_slice0080,/Users/brian/Desktop/VCL318/TransU-Net/TransUnet vs. Unet/TransUnet for MultiOrgan Seg/output/final_output/predictions/img0025_img0025_slice0080_pred.npy,
210,img0025,img0025_slice0081,/Users/brian/Desktop/VCL318/TransU-Net/TransUnet vs. Unet/TransUnet for MultiOrgan Seg/output/final_output/predictions/img0025_img0025_slice0081_pred.npy,
211,img0025,img0025_slice0082,/Users/brian/Desktop/VCL318/TransU-Net/TransUnet vs. Unet/TransUnet for MultiOrgan Seg/output/final_output/predictions/img0025_img0025_slice0082_pred.npy,
212,img0025,img0025_slice0083,/Users/brian/Desktop/VCL318/TransU-Net/TransUnet vs. Unet/TransUnet for MultiOrgan Seg/output/final_output/predictions/img0025_img0025_slice0083_pred.npy,
213,img0025,img0025_slice0084,/Users/brian/Desktop/VCL318/TransU-Net/TransUnet vs. Unet/TransUnet for MultiOrgan Seg/output/final_output/predictions/img0025_img0025_slice0084_pred.npy,
214,img0026,img0026_slice0014,/Users/brian/Desktop/VCL318/TransU-Net/TransUnet vs. Unet/TransUnet for MultiOrgan Seg/output/final_output/predictions/img0026_img0026_slice0014_pred.npy,
215,img0026,img0026_slice0017,/Users/brian/Desktop/VCL318/TransU-Net/TransUnet vs. Unet/TransUnet for MultiOrgan Seg/output/final_output/predictions/img0026_img0026_slice0017_pred.npy,
216,img0026,img0026_slice0035,/Users/brian/Desktop/VCL318/TransU-Net/TransUnet vs. Unet/TransUnet for MultiOrgan Seg/output/final_output/predictions/img0026_img0026_slice0035_pred.npy,
217,img0026,img0026_slice0040,/Users/brian/Desktop/VCL318/TransU-Net/TransUnet vs. Unet/TransUnet for MultiOrgan Seg/output/final_output/predictions/img0026_img0026_slice0040_pred.npy,
218,img0026,img0026_slice0044,/Users/brian/Desktop/VCL318/TransU-Net/TransUnet vs. Unet/TransUnet for MultiOrgan Seg/output/final_output/predictions/img0026_img0026_slice0044_pred.npy,
219,img0026,img0026_slice0045,/Users/brian/Desktop/VCL318/TransU-Net/TransUnet vs. Unet/TransUnet for MultiOrgan Seg/output/final_output/predictions/img0026_img0026_slice0045_pred.npy,
220,img0026,img0026_slice0046,/Users/brian/Desktop/VCL318/TransU-Net/TransUnet vs. Unet/TransUnet for MultiOrgan Seg/output/final_output/predictions/img0026_img0026_slice0046_pred.npy,
221,img0026,img0026_slice0047,/Users/brian/Desktop/VCL318/TransU-Net/TransUnet vs. Unet/TransUnet for MultiOrgan Seg/output/final_output/predictions/img0026_img0026_slice0047_pred.npy,
222,img0026,img0026_slice0048,/Users/brian/Desktop/VCL318/TransU-Net/TransUnet vs. Unet/TransUnet for MultiOrgan Seg/output/final_output/predictions/img0026_img0026_slice0048_pred.npy,
223,img0026,img0026_slice0049,/Users/brian/Desktop/VCL318/TransU-Net/TransUnet vs. Unet/TransUnet for MultiOrgan Seg/output/final_output/predictions/img0026_img0026_slice0049_pred.npy,
224,img0026,img0026_slice0050,/Users/brian/Desktop/VCL318/TransU-Net/TransUnet vs. Unet/TransUnet for MultiOrgan Seg/output/final_output/predictions/img0026_img0026_slice0050_pred.npy,
225,img0026,img0026_slice0051,/Users/brian/Desktop/VCL318/TransU-Net/TransUnet vs. Unet/TransUnet for MultiOrgan Seg/output/final_output/predictions/img0026_img0026_slice0051_pred.npy,
226,img0026,img0026_slice0052,/Users/brian/Desktop/VCL318/TransU-Net/TransUnet vs. Unet/TransUnet for MultiOrgan Seg/output/final_output/predictions/img0026_img0026_slice0052_pred.npy,
227,img0026,img0026_slice0053,/Users/brian/Desktop/VCL318/TransU-Net/TransUnet vs. Unet/TransUnet for MultiOrgan Seg/output/final_output/predictions/img0026_img0026_slice0053_pred.npy,
228,img0026,img0026_slice0054,/Users/brian/Desktop/VCL318/TransU-Net/TransUnet vs. Unet/TransUnet for MultiOrgan Seg/output/final_output/predictions/img0026_img0026_slice0054_pred.npy,
229,img0026,img0026_slice0055,/Users/brian/Desktop/VCL318/TransU-Net/TransUnet vs. Unet/TransUnet for MultiOrgan Seg/output/final_output/predictions/img0026_img0026_slice0055_pred.npy,
230,img0026,img0026_slice0056,/Users/brian/Desktop/VCL318/TransU-Net/TransUnet vs. Unet/TransUnet for MultiOrgan Seg/output/final_output/predictions/img0026_img0026_slice0056_pred.npy,
231,img0026,img0026_slice0057,/Users/brian/Desktop/VCL318/TransU-Net/TransUnet vs. Unet/TransUnet for MultiOrgan Seg/output/final_output/predictions/img0026_img0026_slice0057_pred.npy,
232,img0026,img0026_slice0058,/Users/brian/Desktop/VCL318/TransU-Net/TransUnet vs. Unet/TransUnet for MultiOrgan Seg/output/final_output/predictions/img0026_img0026_slice0058_pred.npy,
233,img0026,img0026_slice0059,/Users/brian/Desktop/VCL318/TransU-Net/TransUnet vs. Unet/TransUnet for MultiOrgan Seg/output/final_output/predictions/img0026_img0026_slice0059_pred.npy,
234,img0026,img0026_slice0060,/Users/brian/Desktop/VCL318/TransU-Net/TransUnet vs. Unet/TransUnet for MultiOrgan Seg/output/final_output/predictions/img0026_img0026_slice0060_pred.npy,
235,img0026,img0026_slice0061,/Users/brian/Desktop/VCL318/TransU-Net/TransUnet vs. Unet/TransUnet for MultiOrgan Seg/output/final_output/predictions/img0026_img0026_slice0061_pred.npy,
236,img0026,img0026_slice0062,/Users/brian/Desktop/VCL318/TransU-Net/TransUnet vs. Unet/TransUnet for MultiOrgan Seg/output/final_output/predictions/img0026_img0026_slice0062_pred.npy,
237,img0026,img0026_slice0063,/Users/brian/Desktop/VCL318/TransU-Net/TransUnet vs. Unet/TransUnet for MultiOrgan Seg/output/final_output/predictions/img0026_img0026_slice0063_pred.npy,
238,img0026,img0026_slice0064,/Users/brian/Desktop/VCL318/TransU-Net/TransUnet vs. Unet/TransUnet for MultiOrgan Seg/output/final_output/predictions/img0026_img0026_slice0064_pred.npy,
239,img0026,img0026_slice0065,/Users/brian/Desktop/VCL318/TransU-Net/TransUnet vs. Unet/TransUnet for MultiOrgan Seg/output/final_output/predictions/img0026_img0026_slice0065_pred.npy,
240,img0026,img0026_slice0066,/Users/brian/Desktop/VCL318/TransU-Net/TransUnet vs. Unet/TransUnet for MultiOrgan Seg/output/final_output/predictions/img0026_img0026_slice0066_pred.npy,
241,img0026,img0026_slice0067,/Users/brian/Desktop/VCL318/TransU-Net/TransUnet vs. Unet/TransUnet for MultiOrgan Seg/output/final_output/predictions/img0026_img0026_slice0067_pred.npy,
242,img0026,img0026_slice0068,/Users/brian/Desktop/VCL318/TransU-Net/TransUnet vs. Unet/TransUnet for MultiOrgan Seg/output/final_output/predictions/img0026_img0026_slice0068_pred.npy,
243,img0026,img0026_slice0069,/Users/brian/Desktop/VCL318/TransU-Net/TransUnet vs. Unet/TransUnet for MultiOrgan Seg/output/final_output/predictions/img0026_img0026_slice0069_pred.npy,
244,img0026,img0026_slice0070,/Users/brian/Desktop/VCL318/TransU-Net/TransUnet vs. Unet/TransUnet for MultiOrgan Seg/output/final_output/predictions/img0026_img0026_slice0070_pred.npy,
245,img0026,img0026_slice0071,/Users/brian/Desktop/VCL318/TransU-Net/TransUnet vs. Unet/TransUnet for MultiOrgan Seg/output/final_output/predictions/img0026_img0026_slice0071_pred.npy,
246,img0026,img0026_slice0072,/Users/brian/Desktop/VCL318/TransU-Net/TransUnet vs. Unet/TransUnet for MultiOrgan Seg/output/final_output/predictions/img0026_img0026_slice0072_pred.npy,
247,img0026,img0026_slice0073,/Users/brian/Desktop/VCL318/TransU-Net/TransUnet vs. Unet/TransUnet for MultiOrgan Seg/output/final_output/predictions/img0026_img0026_slice0073_pred.npy,
248,img0026,img0026_slice0074,/Users/brian/Desktop/VCL318/TransU-Net/TransUnet vs. Unet/TransUnet for MultiOrgan Seg/output/final_output/predictions/img0026_img0026_slice0074_pred.npy,
249,img0026,img0026_slice0075,/Users/brian/Desktop/VCL318/TransU-Net/TransUnet vs. Unet/TransUnet for MultiOrgan Seg/output/final_output/predictions/img0026_img0026_slice0075_pred.npy,
250,img0026,img0026_slice0076,/Users/brian/Desktop/VCL318/TransU-Net/TransUnet vs. Unet/TransUnet for MultiOrgan Seg/output/final_output/predictions/img0026_img0026_slice0076_pred.npy,
251,img0026,img0026_slice0077,/Users/brian/Desktop/VCL318/TransU-Net/TransUnet vs. Unet/TransUnet for MultiOrgan Seg/output/final_output/predictions/img0026_img0026_slice0077_pred.npy,
252,img0026,img0026_slice0078,/Users/brian/Desktop/VCL318/TransU-Net/TransUnet vs. Unet/TransUnet for MultiOrgan Seg/output/final_output/predictions/img0026_img0026_slice0078_pred.npy,
253,img0026,img0026_slice0079,/Users/brian/Desktop/VCL318/TransU-Net/TransUnet vs. Unet/TransUnet for MultiOrgan Seg/output/final_output/predictions/img0026_img0026_slice0079_pred.npy,
254,img0026,img0026_slice0080,/Users/brian/Desktop/VCL318/TransU-Net/TransUnet vs. Unet/TransUnet for MultiOrgan Seg/output/final_output/predictions/img0026_img0026_slice0080_pred.npy,
255,img0026,img0026_slice0081,/Users/brian/Desktop/VCL318/TransU-Net/TransUnet vs. Unet/TransUnet for MultiOrgan Seg/output/final_output/predictions/img0026_img0026_slice0081_pred.npy,
256,img0026,img0026_slice0082,/Users/brian/Desktop/VCL318/TransU-Net/TransUnet vs. Unet/TransUnet for MultiOrgan Seg/output/final_output/predictions/img0026_img0026_slice0082_pred.npy,
257,img0026,img0026_slice0083,/Users/brian/Desktop/VCL318/TransU-Net/TransUnet vs. Unet/TransUnet for MultiOrgan Seg/output/final_output/predictions/img0026_img0026_slice0083_pred.npy,
258,img0026,img0026_slice0084,/Users/brian/Desktop/VCL318/TransU-Net/TransUnet vs. Unet/TransUnet for MultiOrgan Seg/output/final_output/predictions/img0026_img0026_slice0084_pred.npy,
259,img0026,img0026_slice0085,/Users/brian/Desktop/VCL318/TransU-Net/TransUnet vs. Unet/TransUnet for MultiOrgan Seg/output/final_output/predictions/img0026_img0026_slice0085_pred.npy,
260,img0026,img0026_slice0086,/Users/brian/Desktop/VCL318/TransU-Net/TransUnet vs. Unet/TransUnet for MultiOrgan Seg/output/final_output/predictions/img0026_img0026_slice0086_pred.npy,
261,img0026,img0026_slice0087,/Users/brian/Desktop/VCL318/TransU-Net/TransUnet vs. Unet/TransUnet for MultiOrgan Seg/output/final_output/predictions/img0026_img0026_slice0087_pred.npy,
262,img0026,img0026_slice0088,/Users/brian/Desktop/VCL318/TransU-Net/TransUnet vs. Unet/TransUnet for MultiOrgan Seg/output/final_output/predictions/img0026_img0026_slice0088_pred.npy,
263,img0026,img0026_slice0089,/Users/brian/Desktop/VCL318/TransU-Net/TransUnet vs. Unet/TransUnet for MultiOrgan Seg/output/final_output/predictions/img0026_img0026_slice0089_pred.npy,
264,img0026,img0026_slice0090,/Users/brian/Desktop/VCL318/TransU-Net/TransUnet vs. Unet/TransUnet for MultiOrgan Seg/output/final_output/predictions/img0026_img0026_slice0090_pred.npy,
265,img0026,img0026_slice0091,/Users/brian/Desktop/VCL318/TransU-Net/TransUnet vs. Unet/TransUnet for MultiOrgan Seg/output/final_output/predictions/img0026_img0026_slice0091_pred.npy,
266,img0026,img0026_slice0092,/Users/brian/Desktop/VCL318/TransU-Net/TransUnet vs. Unet/TransUnet for MultiOrgan Seg/output/final_output/predictions/img0026_img0026_slice0092_pred.npy,
267,img0026,img0026_slice0093,/Users/brian/Desktop/VCL318/TransU-Net/TransUnet vs. Unet/TransUnet for MultiOrgan Seg/output/final_output/predictions/img0026_img0026_slice0093_pred.npy,
268,img0026,img0026_slice0094,/Users/brian/Desktop/VCL318/TransU-Net/TransUnet vs. Unet/TransUnet for MultiOrgan Seg/output/final_output/predictions/img0026_img0026_slice0094_pred.npy,
269,img0026,img0026_slice0095,/Users/brian/Desktop/VCL318/TransU-Net/TransUnet vs. Unet/TransUnet for MultiOrgan Seg/output/final_output/predictions/img0026_img0026_slice0095_pred.npy,
270,img0026,img0026_slice0096,/Users/brian/Desktop/VCL318/TransU-Net/TransUnet vs. Unet/TransUnet for MultiOrgan Seg/output/final_output/predictions/img0026_img0026_slice0096_pred.npy,
271,img0026,img0026_slice0097,/Users/brian/Desktop/VCL318/TransU-Net/TransUnet vs. Unet/TransUnet for MultiOrgan Seg/output/final_output/predictions/img0026_img0026_slice0097_pred.npy,
272,img0026,img0026_slice0098,/Users/brian/Desktop/VCL318/TransU-Net/TransUnet vs. Unet/TransUnet for MultiOrgan Seg/output/final_output/predictions/img0026_img0026_slice0098_pred.npy,
273,img0026,img0026_slice0099,/Users/brian/Desktop/VCL318/TransU-Net/TransUnet vs. Unet/TransUnet for MultiOrgan Seg/output/final_output/predictions/img0026_img0026_slice0099_pred.npy,
274,img0026,img0026_slice0100,/Users/brian/Desktop/VCL318/TransU-Net/TransUnet vs. Unet/TransUnet for MultiOrgan Seg/output/final_output/predictions/img0026_img0026_slice0100_pred.npy,
275,img0026,img0026_slice0101,/Users/brian/Desktop/VCL318/TransU-Net/TransUnet vs. Unet/TransUnet for MultiOrgan Seg/output/final_output/predictions/img0026_img0026_slice0101_pred.npy,
276,img0026,img0026_slice0102,/Users/brian/Desktop/VCL318/TransU-Net/TransUnet vs. Unet/TransUnet for MultiOrgan Seg/output/final_output/predictions/img0026_img0026_slice0102_pred.npy,
277,img0026,img0026_slice0103,/Users/brian/Desktop/VCL318/TransU-Net/TransUnet vs. Unet/TransUnet for MultiOrgan Seg/output/final_output/predictions/img0026_img0026_slice0103_pred.npy,
278,img0026,img0026_slice0104,/Users/brian/Desktop/VCL318/TransU-Net/TransUnet vs. Unet/TransUnet for MultiOrgan Seg/output/final_output/predictions/img0026_img0026_slice0104_pred.npy,
279,img0026,img0026_slice0105,/Users/brian/Desktop/VCL318/TransU-Net/TransUnet vs. Unet/TransUnet for MultiOrgan Seg/output/final_output/predictions/img0026_img0026_slice0105_pred.npy,
280,img0026,img0026_slice0106,/Users/brian/Desktop/VCL318/TransU-Net/TransUnet vs. Unet/TransUnet for MultiOrgan Seg/output/final_output/predictions/img0026_img0026_slice0106_pred.npy,
281,img0026,img0026_slice0107,/Users/brian/Desktop/VCL318/TransU-Net/TransUnet vs. Unet/TransUnet for MultiOrgan Seg/output/final_output/predictions/img0026_img0026_slice0107_pred.npy,
282,img0026,img0026_slice0108,/Users/brian/Desktop/VCL318/TransU-Net/TransUnet vs. Unet/TransUnet for MultiOrgan Seg/output/final_output/predictions/img0026_img0026_slice0108_pred.npy,
283,img0026,img0026_slice0109,/Users/brian/Desktop/VCL318/TransU-Net/TransUnet vs. Unet/TransUnet for MultiOrgan Seg/output/final_output/predictions/img0026_img0026_slice0109_pred.npy,
284,img0026,img0026_slice0110,/Users/brian/Desktop/VCL318/TransU-Net/TransUnet vs. Unet/TransUnet for MultiOrgan Seg/output/final_output/predictions/img0026_img0026_slice0110_pred.npy,
285,img0026,img0026_slice0111,/Users/brian/Desktop/VCL318/TransU-Net/TransUnet vs. Unet/TransUnet for MultiOrgan Seg/output/final_output/predictions/img0026_img0026_slice0111_pred.npy,
286,img0026,img0026_slice0112,/Users/brian/Desktop/VCL318/TransU-Net/TransUnet vs. Unet/TransUnet for MultiOrgan Seg/output/final_output/predictions/img0026_img0026_slice0112_pred.npy,
287,img0026,img0026_slice0113,/Users/brian/Desktop/VCL318/TransU-Net/TransUnet vs. Unet/TransUnet for MultiOrgan Seg/output/final_output/predictions/img0026_img0026_slice0113_pred.npy,
288,img0026,img0026_slice0114,/Users/brian/Desktop/VCL318/TransU-Net/TransUnet vs. Unet/TransUnet for MultiOrgan Seg/output/final_output/predictions/img0026_img0026_slice0114_pred.npy,
289,img0026,img0026_slice0115,/Users/brian/Desktop/VCL318/TransU-Net/TransUnet vs. Unet/TransUnet for MultiOrgan Seg/output/final_output/predictions/img0026_img0026_slice0115_pred.npy,
290,img0026,img0026_slice0116,/Users/brian/Desktop/VCL318/TransU-Net/TransUnet vs. Unet/TransUnet for MultiOrgan Seg/output/final_output/predictions/img0026_img0026_slice0116_pred.npy,
291,img0026,img0026_slice0117,/Users/brian/Desktop/VCL318/TransU-Net/TransUnet vs. Unet/TransUnet for MultiOrgan Seg/output/final_output/predictions/img0026_img0026_slice0117_pred.npy,
292,img0026,img0026_slice0118,/Users/brian/Desktop/VCL318/TransU-Net/TransUnet vs. Unet/TransUnet for MultiOrgan Seg/output/final_output/predictions/img0026_img0026_slice0118_pred.npy,
293,img0026,img0026_slice0119,/Users/brian/Desktop/VCL318/TransU-Net/TransUnet vs. Unet/TransUnet for MultiOrgan Seg/output/final_output/predictions/img0026_img0026_slice0119_pred.npy,
294,img0026,img0026_slice0120,/Users/brian/Desktop/VCL318/TransU-Net/TransUnet vs. Unet/TransUnet for MultiOrgan Seg/output/final_output/predictions/img0026_img0026_slice0120_pred.npy,
295,img0026,img0026_slice0121,/Users/brian/Desktop/VCL318/TransU-Net/TransUnet vs. Unet/TransUnet for MultiOrgan Seg/output/final_output/predictions/img0026_img0026_slice0121_pred.npy,
296,img0026,img0026_slice0122,/Users/brian/Desktop/VCL318/TransU-Net/TransUnet vs. Unet/TransUnet for MultiOrgan Seg/output/final_output/predictions/img0026_img0026_slice0122_pred.npy,
297,img0026,img0026_slice0123,/Users/brian/Desktop/VCL318/TransU-Net/TransUnet vs. Unet/TransUnet for MultiOrgan Seg/output/final_output/predictions/img0026_img0026_slice0123_pred.npy,
298,img0028,img0028_slice0004,/Users/brian/Desktop/VCL318/TransU-Net/TransUnet vs. Unet/TransUnet for MultiOrgan Seg/output/final_output/predictions/img0028_img0028_slice0004_pred.npy,
299,img0028,img0028_slice0017,/Users/brian/Desktop/VCL318/TransU-Net/TransUnet vs. Unet/TransUnet for MultiOrgan Seg/output/final_output/predictions/img0028_img0028_slice0017_pred.npy,
300,img0028,img0028_slice0020,/Users/brian/Desktop/VCL318/TransU-Net/TransUnet vs. Unet/TransUnet for MultiOrgan Seg/output/final_output/predictions/img0028_img0028_slice0020_pred.npy,
301,img0028,img0028_slice0025,/Users/brian/Desktop/VCL318/TransU-Net/TransUnet vs. Unet/TransUnet for MultiOrgan Seg/output/final_output/predictions/img0028_img0028_slice0025_pred.npy,
302,img0028,img0028_slice0036,/Users/brian/Desktop/VCL318/TransU-Net/TransUnet vs. Unet/TransUnet for MultiOrgan Seg/output/final_output/predictions/img0028_img0028_slice0036_pred.npy,
303,img0028,img0028_slice0037,/Users/brian/Desktop/VCL318/TransU-Net/TransUnet vs. Unet/TransUnet for MultiOrgan Seg/output/final_output/predictions/img0028_img0028_slice0037_pred.npy,
304,img0028,img0028_slice0038,/Users/brian/Desktop/VCL318/TransU-Net/TransUnet vs. Unet/TransUnet for MultiOrgan Seg/output/final_output/predictions/img0028_img0028_slice0038_pred.npy,
305,img0028,img0028_slice0039,/Users/brian/Desktop/VCL318/TransU-Net/TransUnet vs. Unet/TransUnet for MultiOrgan Seg/output/final_output/predictions/img0028_img0028_slice0039_pred.npy,
306,img0028,img0028_slice0040,/Users/brian/Desktop/VCL318/TransU-Net/TransUnet vs. Unet/TransUnet for MultiOrgan Seg/output/final_output/predictions/img0028_img0028_slice0040_pred.npy,
307,img0028,img0028_slice0041,/Users/brian/Desktop/VCL318/TransU-Net/TransUnet vs. Unet/TransUnet for MultiOrgan Seg/output/final_output/predictions/img0028_img0028_slice0041_pred.npy,
308,img0028,img0028_slice0042,/Users/brian/Desktop/VCL318/TransU-Net/TransUnet vs. Unet/TransUnet for MultiOrgan Seg/output/final_output/predictions/img0028_img0028_slice0042_pred.npy,
309,img0028,img0028_slice0043,/Users/brian/Desktop/VCL318/TransU-Net/TransUnet vs. Unet/TransUnet for MultiOrgan Seg/output/final_output/predictions/img0028_img0028_slice0043_pred.npy,
310,img0028,img0028_slice0044,/Users/brian/Desktop/VCL318/TransU-Net/TransUnet vs. Unet/TransUnet for MultiOrgan Seg/output/final_output/predictions/img0028_img0028_slice0044_pred.npy,
311,img0028,img0028_slice0045,/Users/brian/Desktop/VCL318/TransU-Net/TransUnet vs. Unet/TransUnet for MultiOrgan Seg/output/final_output/predictions/img0028_img0028_slice0045_pred.npy,
312,img0028,img0028_slice0046,/Users/brian/Desktop/VCL318/TransU-Net/TransUnet vs. Unet/TransUnet for MultiOrgan Seg/output/final_output/predictions/img0028_img0028_slice0046_pred.npy,
313,img0028,img0028_slice0047,/Users/brian/Desktop/VCL318/TransU-Net/TransUnet vs. Unet/TransUnet for MultiOrgan Seg/output/final_output/predictions/img0028_img0028_slice0047_pred.npy,
314,img0028,img0028_slice0048,/Users/brian/Desktop/VCL318/TransU-Net/TransUnet vs. Unet/TransUnet for MultiOrgan Seg/output/final_output/predictions/img0028_img0028_slice0048_pred.npy,
315,img0028,img0028_slice0049,/Users/brian/Desktop/VCL318/TransU-Net/TransUnet vs. Unet/TransUnet for MultiOrgan Seg/output/final_output/predictions/img0028_img0028_slice0049_pred.npy,
316,img0028,img0028_slice0050,/Users/brian/Desktop/VCL318/TransU-Net/TransUnet vs. Unet/TransUnet for MultiOrgan Seg/output/final_output/predictions/img0028_img0028_slice0050_pred.npy,
317,img0028,img0028_slice0051,/Users/brian/Desktop/VCL318/TransU-Net/TransUnet vs. Unet/TransUnet for MultiOrgan Seg/output/final_output/predictions/img0028_img0028_slice0051_pred.npy,
318,img0028,img0028_slice0052,/Users/brian/Desktop/VCL318/TransU-Net/TransUnet vs. Unet/TransUnet for MultiOrgan Seg/output/final_output/predictions/img0028_img0028_slice0052_pred.npy,
319,img0028,img0028_slice0053,/Users/brian/Desktop/VCL318/TransU-Net/TransUnet vs. Unet/TransUnet for MultiOrgan Seg/output/final_output/predictions/img0028_img0028_slice0053_pred.npy,
320,img0028,img0028_slice0054,/Users/brian/Desktop/VCL318/TransU-Net/TransUnet vs. Unet/TransUnet for MultiOrgan Seg/output/final_output/predictions/img0028_img0028_slice0054_pred.npy,
321,img0028,img0028_slice0055,/Users/brian/Desktop/VCL318/TransU-Net/TransUnet vs. Unet/TransUnet for MultiOrgan Seg/output/final_output/predictions/img0028_img0028_slice0055_pred.npy,
322,img0028,img0028_slice0056,/Users/brian/Desktop/VCL318/TransU-Net/TransUnet vs. Unet/TransUnet for MultiOrgan Seg/output/final_output/predictions/img0028_img0028_slice0056_pred.npy,
323,img0028,img0028_slice0057,/Users/brian/Desktop/VCL318/TransU-Net/TransUnet vs. Unet/TransUnet for MultiOrgan Seg/output/final_output/predictions/img0028_img0028_slice0057_pred.npy,
324,img0028,img0028_slice0058,/Users/brian/Desktop/VCL318/TransU-Net/TransUnet vs. Unet/TransUnet for MultiOrgan Seg/output/final_output/predictions/img0028_img0028_slice0058_pred.npy,
325,img0028,img0028_slice0059,/Users/brian/Desktop/VCL318/TransU-Net/TransUnet vs. Unet/TransUnet for MultiOrgan Seg/output/final_output/predictions/img0028_img0028_slice0059_pred.npy,
326,img0028,img0028_slice0060,/Users/brian/Desktop/VCL318/TransU-Net/TransUnet vs. Unet/TransUnet for MultiOrgan Seg/output/final_output/predictions/img0028_img0028_slice0060_pred.npy,
327,img0028,img0028_slice0061,/Users/brian/Desktop/VCL318/TransU-Net/TransUnet vs. Unet/TransUnet for MultiOrgan Seg/output/final_output/predictions/img0028_img0028_slice0061_pred.npy,
328,img0028,img0028_slice0062,/Users/brian/Desktop/VCL318/TransU-Net/TransUnet vs. Unet/TransUnet for MultiOrgan Seg/output/final_output/predictions/img0028_img0028_slice0062_pred.npy,
329,img0028,img0028_slice0063,/Users/brian/Desktop/VCL318/TransU-Net/TransUnet vs. Unet/TransUnet for MultiOrgan Seg/output/final_output/predictions/img0028_img0028_slice0063_pred.npy,
330,img0028,img0028_slice0064,/Users/brian/Desktop/VCL318/TransU-Net/TransUnet vs. Unet/TransUnet for MultiOrgan Seg/output/final_output/predictions/img0028_img0028_slice0064_pred.npy,
331,img0028,img0028_slice0065,/Users/brian/Desktop/VCL318/TransU-Net/TransUnet vs. Unet/TransUnet for MultiOrgan Seg/output/final_output/predictions/img0028_img0028_slice0065_pred.npy,
332,img0028,img0028_slice0066,/Users/brian/Desktop/VCL318/TransU-Net/TransUnet vs. Unet/TransUnet for MultiOrgan Seg/output/final_output/predictions/img0028_img0028_slice0066_pred.npy,
333,img0028,img0028_slice0067,/Users/brian/Desktop/VCL318/TransU-Net/TransUnet vs. Unet/TransUnet for MultiOrgan Seg/output/final_output/predictions/img0028_img0028_slice0067_pred.npy,
334,img0028,img0028_slice0068,/Users/brian/Desktop/VCL318/TransU-Net/TransUnet vs. Unet/TransUnet for MultiOrgan Seg/output/final_output/predictions/img0028_img0028_slice0068_pred.npy,
335,img0028,img0028_slice0069,/Users/brian/Desktop/VCL318/TransU-Net/TransUnet vs. Unet/TransUnet for MultiOrgan Seg/output/final_output/predictions/img0028_img0028_slice0069_pred.npy,
336,img0028,img0028_slice0070,/Users/brian/Desktop/VCL318/TransU-Net/TransUnet vs. Unet/TransUnet for MultiOrgan Seg/output/final_output/predictions/img0028_img0028_slice0070_pred.npy,
337,img0028,img0028_slice0071,/Users/brian/Desktop/VCL318/TransU-Net/TransUnet vs. Unet/TransUnet for MultiOrgan Seg/output/final_output/predictions/img0028_img0028_slice0071_pred.npy,
338,img0028,img0028_slice0072,/Users/brian/Desktop/VCL318/TransU-Net/TransUnet vs. Unet/TransUnet for MultiOrgan Seg/output/final_output/predictions/img0028_img0028_slice0072_pred.npy,
339,img0028,img0028_slice0073,/Users/brian/Desktop/VCL318/TransU-Net/TransUnet vs. Unet/TransUnet for MultiOrgan Seg/output/final_output/predictions/img0028_img0028_slice0073_pred.npy,
340,img0028,img0028_slice0074,/Users/brian/Desktop/VCL318/TransU-Net/TransUnet vs. Unet/TransUnet for MultiOrgan Seg/output/final_output/predictions/img0028_img0028_slice0074_pred.npy,
341,img0028,img0028_slice0075,/Users/brian/Desktop/VCL318/TransU-Net/TransUnet vs. Unet/TransUnet for MultiOrgan Seg/output/final_output/predictions/img0028_img0028_slice0075_pred.npy,
342,img0028,img0028_slice0076,/Users/brian/Desktop/VCL318/TransU-Net/TransUnet vs. Unet/TransUnet for MultiOrgan Seg/output/final_output/predictions/img0028_img0028_slice0076_pred.npy,
343,img0028,img0028_slice0077,/Users/brian/Desktop/VCL318/TransU-Net/TransUnet vs. Unet/TransUnet for MultiOrgan Seg/output/final_output/predictions/img0028_img0028_slice0077_pred.npy,
344,img0028,img0028_slice0078,/Users/brian/Desktop/VCL318/TransU-Net/TransUnet vs. Unet/TransUnet for MultiOrgan Seg/output/final_output/predictions/img0028_img0028_slice0078_pred.npy,
345,img0028,img0028_slice0079,/Users/brian/Desktop/VCL318/TransU-Net/TransUnet vs. Unet/TransUnet for MultiOrgan Seg/output/final_output/predictions/img0028_img0028_slice0079_pred.npy,
346,img0028,img0028_slice0080,/Users/brian/Desktop/VCL318/TransU-Net/TransUnet vs. Unet/TransUnet for MultiOrgan Seg/output/final_output/predictions/img0028_img0028_slice0080_pred.npy,
347,img0028,img0028_slice0081,/Users/brian/Desktop/VCL318/TransU-Net/TransUnet vs. Unet/TransUnet for MultiOrgan Seg/output/final_output/predictions/img0028_img0028_slice0081_pred.npy,
348,img0028,img0028_slice0082,/Users/brian/Desktop/VCL318/TransU-Net/TransUnet vs. Unet/TransUnet for MultiOrgan Seg/output/final_output/predictions/img0028_img0028_slice0082_pred.npy,
349,img0028,img0028_slice0083,/Users/brian/Desktop/VCL318/TransU-Net/TransUnet vs. Unet/TransUnet for MultiOrgan Seg/output/final_output/predictions/img0028_img0028_slice0083_pred.npy,
350,img0028,img0028_slice0084,/Users/brian/Desktop/VCL318/TransU-Net/TransUnet vs. Unet/TransUnet for MultiOrgan Seg/output/final_output/predictions/img0028_img0028_slice0084_pred.npy,
351,img0028,img0028_slice0085,/Users/brian/Desktop/VCL318/TransU-Net/TransUnet vs. Unet/TransUnet for MultiOrgan Seg/output/final_output/predictions/img0028_img0028_slice0085_pred.npy,
352,img0028,img0028_slice0086,/Users/brian/Desktop/VCL318/TransU-Net/TransUnet vs. Unet/TransUnet for MultiOrgan Seg/output/final_output/predictions/img0028_img0028_slice0086_pred.npy,
353,img0028,img0028_slice0087,/Users/brian/Desktop/VCL318/TransU-Net/TransUnet vs. Unet/TransUnet for MultiOrgan Seg/output/final_output/predictions/img0028_img0028_slice0087_pred.npy,
354,img0028,img0028_slice0088,/Users/brian/Desktop/VCL318/TransU-Net/TransUnet vs. Unet/TransUnet for MultiOrgan Seg/output/final_output/predictions/img0028_img0028_slice0088_pred.npy,
355,img0074,img0074_slice0012,/Users/brian/Desktop/VCL318/TransU-Net/TransUnet vs. Unet/TransUnet for MultiOrgan Seg/output/final_output/predictions/img0074_img0074_slice0012_pred.npy,
356,img0074,img0074_slice0026,/Users/brian/Desktop/VCL318/TransU-Net/TransUnet vs. Unet/TransUnet for MultiOrgan Seg/output/final_output/predictions/img0074_img0074_slice0026_pred.npy,
357,img0074,img0074_slice0030,/Users/brian/Desktop/VCL318/TransU-Net/TransUnet vs. Unet/TransUnet for MultiOrgan Seg/output/final_output/predictions/img0074_img0074_slice0030_pred.npy,
358,img0074,img0074_slice0045,/Users/brian/Desktop/VCL318/TransU-Net/TransUnet vs. Unet/TransUnet for MultiOrgan Seg/output/final_output/predictions/img0074_img0074_slice0045_pred.npy,
359,img0074,img0074_slice0046,/Users/brian/Desktop/VCL318/TransU-Net/TransUnet vs. Unet/TransUnet for MultiOrgan Seg/output/final_output/predictions/img0074_img0074_slice0046_pred.npy,
360,img0074,img0074_slice0047,/Users/brian/Desktop/VCL318/TransU-Net/TransUnet vs. Unet/TransUnet for MultiOrgan Seg/output/final_output/predictions/img0074_img0074_slice0047_pred.npy,
361,img0074,img0074_slice0048,/Users/brian/Desktop/VCL318/TransU-Net/TransUnet vs. Unet/TransUnet for MultiOrgan Seg/output/final_output/predictions/img0074_img0074_slice0048_pred.npy,
362,img0074,img0074_slice0049,/Users/brian/Desktop/VCL318/TransU-Net/TransUnet vs. Unet/TransUnet for MultiOrgan Seg/output/final_output/predictions/img0074_img0074_slice0049_pred.npy,
363,img0074,img0074_slice0050,/Users/brian/Desktop/VCL318/TransU-Net/TransUnet vs. Unet/TransUnet for MultiOrgan Seg/output/final_output/predictions/img0074_img0074_slice0050_pred.npy,
364,img0074,img0074_slice0051,/Users/brian/Desktop/VCL318/TransU-Net/TransUnet vs. Unet/TransUnet for MultiOrgan Seg/output/final_output/predictions/img0074_img0074_slice0051_pred.npy,
365,img0074,img0074_slice0052,/Users/brian/Desktop/VCL318/TransU-Net/TransUnet vs. Unet/TransUnet for MultiOrgan Seg/output/final_output/predictions/img0074_img0074_slice0052_pred.npy,
366,img0074,img0074_slice0053,/Users/brian/Desktop/VCL318/TransU-Net/TransUnet vs. Unet/TransUnet for MultiOrgan Seg/output/final_output/predictions/img0074_img0074_slice0053_pred.npy,
367,img0074,img0074_slice0054,/Users/brian/Desktop/VCL318/TransU-Net/TransUnet vs. Unet/TransUnet for MultiOrgan Seg/output/final_output/predictions/img0074_img0074_slice0054_pred.npy,
368,img0074,img0074_slice0055,/Users/brian/Desktop/VCL318/TransU-Net/TransUnet vs. Unet/TransUnet for MultiOrgan Seg/output/final_output/predictions/img0074_img0074_slice0055_pred.npy,
369,img0074,img0074_slice0056,/Users/brian/Desktop/VCL318/TransU-Net/TransUnet vs. Unet/TransUnet for MultiOrgan Seg/output/final_output/predictions/img0074_img0074_slice0056_pred.npy,
370,img0074,img0074_slice0057,/Users/brian/Desktop/VCL318/TransU-Net/TransUnet vs. Unet/TransUnet for MultiOrgan Seg/output/final_output/predictions/img0074_img0074_slice0057_pred.npy,
371,img0074,img0074_slice0058,/Users/brian/Desktop/VCL318/TransU-Net/TransUnet vs. Unet/TransUnet for MultiOrgan Seg/output/final_output/predictions/img0074_img0074_slice0058_pred.npy,
372,img0074,img0074_slice0059,/Users/brian/Desktop/VCL318/TransU-Net/TransUnet vs. Unet/TransUnet for MultiOrgan Seg/output/final_output/predictions/img0074_img0074_slice0059_pred.npy,
373,img0074,img0074_slice0060,/Users/brian/Desktop/VCL318/TransU-Net/TransUnet vs. Unet/TransUnet for MultiOrgan Seg/output/final_output/predictions/img0074_img0074_slice0060_pred.npy,
374,img0074,img0074_slice0061,/Users/brian/Desktop/VCL318/TransU-Net/TransUnet vs. Unet/TransUnet for MultiOrgan Seg/output/final_output/predictions/img0074_img0074_slice0061_pred.npy,
375,img0074,img0074_slice0062,/Users/brian/Desktop/VCL318/TransU-Net/TransUnet vs. Unet/TransUnet for MultiOrgan Seg/output/final_output/predictions/img0074_img0074_slice0062_pred.npy,
376,img0074,img0074_slice0063,/Users/brian/Desktop/VCL318/TransU-Net/TransUnet vs. Unet/TransUnet for MultiOrgan Seg/output/final_output/predictions/img0074_img0074_slice0063_pred.npy,
377,img0074,img0074_slice0064,/Users/brian/Desktop/VCL318/TransU-Net/TransUnet vs. Unet/TransUnet for MultiOrgan Seg/output/final_output/predictions/img0074_img0074_slice0064_pred.npy,
378,img0074,img0074_slice0065,/Users/brian/Desktop/VCL318/TransU-Net/TransUnet vs. Unet/TransUnet for MultiOrgan Seg/output/final_output/predictions/img0074_img0074_slice0065_pred.npy,
379,img0074,img0074_slice0066,/Users/brian/Desktop/VCL318/TransU-Net/TransUnet vs. Unet/TransUnet for MultiOrgan Seg/output/final_output/predictions/img0074_img0074_slice0066_pred.npy,
380,img0074,img0074_slice0067,/Users/brian/Desktop/VCL318/TransU-Net/TransUnet vs. Unet/TransUnet for MultiOrgan Seg/output/final_output/predictions/img0074_img0074_slice0067_pred.npy,
381,img0074,img0074_slice0068,/Users/brian/Desktop/VCL318/TransU-Net/TransUnet vs. Unet/TransUnet for MultiOrgan Seg/output/final_output/predictions/img0074_img0074_slice0068_pred.npy,
382,img0074,img0074_slice0069,/Users/brian/Desktop/VCL318/TransU-Net/TransUnet vs. Unet/TransUnet for MultiOrgan Seg/output/final_output/predictions/img0074_img0074_slice0069_pred.npy,
383,img0074,img0074_slice0070,/Users/brian/Desktop/VCL318/TransU-Net/TransUnet vs. Unet/TransUnet for MultiOrgan Seg/output/final_output/predictions/img0074_img0074_slice0070_pred.npy,
384,img0074,img0074_slice0071,/Users/brian/Desktop/VCL318/TransU-Net/TransUnet vs. Unet/TransUnet for MultiOrgan Seg/output/final_output/predictions/img0074_img0074_slice0071_pred.npy,
385,img0074,img0074_slice0072,/Users/brian/Desktop/VCL318/TransU-Net/TransUnet vs. Unet/TransUnet for MultiOrgan Seg/output/final_output/predictions/img0074_img0074_slice0072_pred.npy,
386,img0074,img0074_slice0073,/Users/brian/Desktop/VCL318/TransU-Net/TransUnet vs. Unet/TransUnet for MultiOrgan Seg/output/final_output/predictions/img0074_img0074_slice0073_pred.npy,
387,img0074,img0074_slice0074,/Users/brian/Desktop/VCL318/TransU-Net/TransUnet vs. Unet/TransUnet for MultiOrgan Seg/output/final_output/predictions/img0074_img0074_slice0074_pred.npy,
388,img0074,img0074_slice0075,/Users/brian/Desktop/VCL318/TransU-Net/TransUnet vs. Unet/TransUnet for MultiOrgan Seg/output/final_output/predictions/img0074_img0074_slice0075_pred.npy,
389,img0074,img0074_slice0076,/Users/brian/Desktop/VCL318/TransU-Net/TransUnet vs. Unet/TransUnet for MultiOrgan Seg/output/final_output/predictions/img0074_img0074_slice0076_pred.npy,
390,img0074,img0074_slice0077,/Users/brian/Desktop/VCL318/TransU-Net/TransUnet vs. Unet/TransUnet for MultiOrgan Seg/output/final_output/predictions/img0074_img0074_slice0077_pred.npy,
391,img0074,img0074_slice0078,/Users/brian/Desktop/VCL318/TransU-Net/TransUnet vs. Unet/TransUnet for MultiOrgan Seg/output/final_output/predictions/img0074_img0074_slice0078_pred.npy,
392,img0074,img0074_slice0084,/Users/brian/Desktop/VCL318/TransU-Net/TransUnet vs. Unet/TransUnet for MultiOrgan Seg/output/final_output/predictions/img0074_img0074_slice0084_pred.npy,
393,img0074,img0074_slice0085,/Users/brian/Desktop/VCL318/TransU-Net/TransUnet vs. Unet/TransUnet for MultiOrgan Seg/output/final_output/predictions/img0074_img0074_slice0085_pred.npy,
